ruslemma;ruslemma stressed;ruslemma;ZaliznjakCode;Book;Lesson;EnglishGloss;DanishGloss;NorwegianGloss;SemanticSet;AspectPartner;MotionPartner
а;а;cnjcoo;=;MiP;B2;and;og, men;og, men;;;
автобус;авто́бус;n; 1a;MiP;B9;bus;bus;buss;;;
автомат;автома́т;n; 1a;MiP;L2;automated device;automat;automat;;;
автомобиль;автомоби́ль;n; 2a;MiP;L7;car;bil;bil;;;
помoгать;автомоби́льный;; 1*a;MiP;L7;automotive;bilrelatered;bilrelatert;;;
ага;ага́;ij;=;MiP;L6;aha;aha;aha;;;
агенство;аге́нство;;=;MiP;L14;agency;bureau;byrå;;;
администратор;администра́тор;; 1a;MiP;L7;administrator;administrator, inspektør;administrator, inspektør;;;
алло;алло́;;=;MiP;L6;hello;hallo;hallo;;;
альбом;альбо́м;n; 1a;MiP;L14;album;album;album;;;
американский;америка́нский;adj; 3aX~;MiP;L1;American;amerikansk;amerikansk;;;
английский;англи́йский;adj; 3aX~;MiP;B9;English;engelsk;engelsk;;;
апельсин;апельси́н;; 1a;MiP;B6;orange;appelsin;appelsin;;;
апельсиновый;апельси́новый;; 1a;MiP;L3;orange;appelsinrelatered;appelsinrelatert;;;
аппетит;аппети́т;n; 1a;MiP;L2;appetite;appetit;appetitt;;;
апрель;апре́ль;n; 2a;MiP;L19;April;april;april;;;
арбуз;арбу́з;; 1a;MiP;L2;watermelon;vandmelon;vannmelon;;;
аэропорт;аэропо́рт;n; 1a;MiP;L20;airport;lufthavn;flyplass;;;
бабушка;ба́бушка;n; 3*a;MiP;B5;grandmother;bedstemor;bestemor;;;
багаж;бага́ж;; 4b;MiP;L18;baggage;bagage;bagasje;;;
бадминтон;бадминто́н;; 1a;MiP;L1;badminton;badminton;badminton;;;
балкон;балко́н;n; 1a;MiP;L15;balcony;altan;balkong;;;
банан;бана́н;; 1a;MiP;B6;banana;banan;banan;;;
банда;ба́нда;n; 1a;MiP;L12;gang;bande;bande;;;
банк;банк;n; 3a;MiP;B1;bank;bank;bank;;;
баня;ба́ня;n; 2a;MiP;L9;sauna;badstue;badstue;;;
бар;бар;n;=;MiP;L4;bar;bar;bar;;;
батон;бато́н;; 1a;MiP;L8;baguette;franskbrød;franskbrød;;;
без;без;;=;MiP;L12;without;uden;uten;;;
белый;бе́лый;; 1a/c";MiP;B8;white;hvid;hvit;;;
бизнесмен;бизнесме́н;; 1a;MiP;B6;businessman;forretningsmand;forretningsmann;;;
билет;биле́т;n; 1a;MiP;L6;ticket;billet;billett;;;
бистро;бистро́;;0;MiP;B8;bistro;bistro;bistro;;;
бифштекс;бифште́кс;; 1a;MiP;B9;steak;bøf;biff;;;
блин;блин;n; 1b;MiP;B9;pancake;pandekage;pannekake;;;
блокада;блока́да;; 1a;MiP;L16;blockade;belejring, blokade;beleiring, blokade;;;
бог;бог;n;3;MiP;L12;god;gud;gud;;;
богатый;бога́тый;; 1a;MiP;L12;rich;rig;rik;;;
боевик;боеви́к;n;=;MiP;L6;action film;actionfilm;aktionfilm;;;
бокал;бока́л;n; 1a;MiP;;wine glass;vinglas;vinglass;;;
болен;бо́лен;;=;MiP;L5;sick;syg;syk;;;
болеть;боле́ть;v;=;MiP;L12;hurt;gøre ondt;gjøre vondt;;;
больше;бо́льше;;=;MiP;L4;more;mere;mer;;;
большой;большо́й;adj; 4b;MiP;B8;big;stor;stor;;;
борщ;борщ;; 4b;MiP;B7;borsch;borsch;borsj;;;
брат;брат;n; 1a^;MiP;B4;brother;bror;bror;;;
брать;брать;v; 6°b/cX^;MiP;L8;take;tage, låne;ta, låne;;взять;
букет;буке́т;; 1a;MiP;L19;bouquet;buket;bukett;;;
булочка;бу́лочка;; 3*a;MiP;L8;bun;bolle;bolle;;;
бутерброд;бутербро́д;; 1a;MiP;L5;sandwich;smørrebrød;smørbrød;;;
бутылка;буты́лка;n; 3*a;MiP;L7;bottle;flaske;flaske;;;
бывать;быва́ть;v; 1a;MiP;L8;be often;være flere gange;være flere ganger;;;
быстрее;быстре́е;;=;MiP;L20;faster;hurtigere;hurtigere, raskere;;;
быстро;бы́стро;adv;=;MiP;L15;fast, quickly;hurtigt;hurtig, raskt;;;
быть;быть;vbser;=;MiP;L6;be;være;være;;;
бюро;бюро́;n;0;MiP;B6;office;kontor;kontor;;;
в;в;pr;=;MiP;B2;in, into;i;i;;;
вагон;ваго́н;n; 1a;MiP;;wagon, car;togvogn;togvogn;;;
ваза;ва́за;; 1a;MiP;B6;vase;vase;vase;;;
ванная;ва́нная;; 1a;MiP;L10;bathroom;badeværelse;badeværelse;;;
ваш;ваш;det; 4a;MiP;B9;your;Deres, Jeres;Deres, deres;;;
ваш;ваш;det; 4a;MiP;B9;your;jeres;deres;;;
вдруг;вдруг;adv;=;MiP;L19;suddenly;pludselig;plutselig;;;
ведь;ведь;cnjsub;=;MiP;L12;afterall;jo;jo;;;
вернуть;верну́ть;v; 3bX;MiP;L20;return;give tilbage;gi tilbake;;вовраща́ть;
вернуться;верну́ться;v; 3b;MiP;L15;come back;vende tilbage;komme tilbake;;возвраща́ться;
весело;ве́село;adv;=;MiP;L19;happily;sjovt;morsomt;;;
веселый;весёлый;; 1a/c';MiP;L19;happy;sjov;morsom;;;
весна;весна́;n; 1*d;MiP;L19;spring;forår;vår;;;
весной;весно́й;n;=;MiP;;in the spring;om foråret;om våren;;;
весь;весь;prn;=;MiP;L3;all, whole;al, hel;all, hel;;;
ветеран;ветера́н;n; 1a;MiP;L11;veteran;veteran;veteran;;;
вечер;ве́чер;n; 1c(1);MiP;L6;evening;aften;kveld;;;
вечером;ве́чером;n;=;MiP;L3;in the evening;om aftenen;om kvelden;;;
взять;взять;v; 14b/c';MiP;L8;take;tage, låne;ta, låne;;брать;
вид;вид;n; 1a;MiP;L20;view, aspect;udsigt;utsikt;;;
видеть;ви́деть;v; 5a;MiP;L7;see;se, få øje på;se, få øye på;;уви́деть;
видеться;ви́деться;v; 5a;MiP;;be seen;ses;ses;;уви́деться;
виза;ви́за;n; 1a;MiP;L10;visa;visum;visum;;;
викинг;ви́кинг;; 3a;MiP;L11;viking;viking;viking;;;
вино;вино́;n; 1d;MiP;B6;wine;vin;vin;;;
вкусный;вку́сный;; 1*a/c';MiP;L3;tasty;lækker;velsmakkende;;;
влюбленный;влюблённый;;=;MiP;L21;in love;forelsket;forelsket;;;
вместе;вме́сте;adv;=;MiP;L3;together;sammen;sammen;;;
внук;внук;n; 3a;MiP;L13;grandchild;barnebarn;barnebarn;;;
внучка;вну́чка;; 3*a;MiP;L14;grandchild;barnebarn;barnebarn;;;
вовращать;вовраща́ть;;=;MiP;L20;return;give tilbage;gi tilbake;;верну́ть;
вода;вода́;n; 1d';MiP;L19;water;vand;vann;;;
водка;во́дка;n; 3*a;MiP;B7;vodka;vodka;vodka;;;
возвращаться;возвраща́ться;v; 1a;MiP;L15;come back;vende tilbage;komme tilbake;;верну́ться;
война;война́;n; 1d;MiP;L11;war;krig;krig;;;
войти;войти́;v; ^b/b(9);MiP;L14;walk in;gå ind;gå inn;;входи́ть;
вокзал;вокза́л;n; 1a;MiP;L18;railway station;banegård;jernbanestasjon;;;
восемь;во́семь;num;=;MiP;L5;eight;otte;åtte;;;
воскресенье;воскресе́нье;n; 6*a;MiP;L2;Sunday;søndag;søndag;;;
вот;вот;part;=;MiP;B2;see here!;se her!;se her!;;;
врач;врач;n; 4b;MiP;L12;doctor;læge;lege;;;
время;вре́мя;n; 8°c;MiP;L1;time;tid;tid;;;
все-таки;всё-таки;prn;=;MiP;L10;at any rate;alligevel;allikevel;;;
всегда;всегда́;adv;=;MiP;L12;always;altid;alltid;;;
вставать;встава́ть;v; 13b;MiP;L5;get up;rejse sig;reise seg;;встать;
встать;встать;v; 15a;MiP;L5;get up;rejse sig;reise seg;;встава́ть;
встретить;встре́тить;v; 4a;MiP;L9;meet;møde;møte;;встреча́ть;
встречать;встреча́ть;v; 1a;MiP;L9;meet;møde;møte;;встре́тить;
вторник;вто́рник;; 3a;MiP;L9;Tuesday;tirsdag;tirsdag;;;
второе;второ́е;; 1b;MiP;L7;main course;hovedret;hovedrett;;;
второй;второ́й;; 1b;MiP;L4;second;ande, nr. 2;annen, nr. 2;;;
вход;вход;n; 1a;MiP;L15;entrance;indegang;inngang;;;
входить;входи́ть;v; 4c;MiP;L14;walk in;gå ind;gå inn;;войти́;
вы;вы;prn;=;MiP;B7;you;De, I;De, dere;;;
выдача;вы́дача;; 4a;MiP;L20;payment, delivery;udlevering;utlevering;;;
выйти;вы́йти;v; ^a(9);MiP;L9;walk out;gå ud;gå ut;;выходи́ть;
выпить;вы́пить;v; 11a;MiP;L12;drink;drikke;drikke;;пить;
выходить;выходи́ть;v;=;MiP;L9;walk out;gå ud;gå ut;;вы́йти;
газета;газе́та;n; 1a;MiP;L4;newspaper;avis;avis;;;
гамбургер;га́мбургер;; 1a;MiP;L2;hamburger;hamburger;hamburger;;;
гангстер;га́нгстер;; 1a;MiP;L12;gangster;gangster;gangster;;;
где;где;adv;=;MiP;B2;where;hvor;hvor;;;
где-то;где́-то;adv;=;MiP;L19;somewhere;et eller andet sted;et eller annet sted;;;
Германия;Герма́ния;np;=;MiP;L7;Germany;Tyskland;Tyskland;;;
глаз;глаз;n; 1c(1)(2);MiP;L18;eye;øje;øye;;;
говорить;говори́ть;v; 4b;MiP;L8;talk, say;sige, tale;si, snakke;;сказа́ть;
год;год;n;1;MiP;L7;year;år;år;;;
голова;голова́;n;=;MiP;L12;head;hoved;hode;;;
голод;го́лод;n; 1a-;MiP;L16;hunger;sult;sult;;;
горло;го́рло;n; 1a;MiP;L12;throat;hals;hals;;;
город;го́род;n; 1c(1);MiP;B2;city;by;by;;;
городской;городско́й;; 3bX~;MiP;L18;municipal;byrelatered;byrelatert;;;
горько;го́рько;adv;=;MiP;L21;bitterly;bittert;bittert;;;
гостиная;гости́ная;; 1a;MiP;L10;living room;dagligstue;dagligstue;;;
гостиница;гости́ница;n; 5a;MiP;L9;hotel;hotel;hotell;;;
гость;гость;n;2;MiP;L3;guest;gæst;gjest;;;
готовить;гото́вить;v; 4a;MiP;L8;prepare;forberede, tilberede;forberede, tilberede;;;
готовый;гото́вый;; 1a;MiP;L16;ready;færdig, parat;ferdig, klar;;;
градус;гра́дус;n; 1a;MiP;L17;degree;grad;grad;;;
гриб;гриб;n; 1b;MiP;L18;mushroom;svamp;sopp;;;
грипп;грипп;; 1a;MiP;L16;flu;influenza;influensa;;;
губа;губа́;n;=;MiP;L4;lip;læbe;leppe;;;
гулять;гуля́ть;v; 1a;MiP;L15;walk, stroll, party;gå tur, spadsere, feste;gå tur, spasere, feste;;погуля́ть;
да;да;part;=;MiP;B1;yes;ja;ja;;;
давать;дава́ть;v; 13b;MiP;L9;give;give;gi;;да́ть;
даже;да́же;adv;=;MiP;L17;even;endda;til og med;;;
далеко;далеко́;adv;=;MiP;L11;far away;langt væk, fjernt;langt borte;;;
дальше;да́льше;;=;MiP;L8;next, further;længere;lengre;;;
Дания;Да́ния;; 7a;MiP;L7;Denmark;Danmark;Danmark;;;
дарить;дари́ть;;=;MiP;L11;give a gift;forære;forære;;подари́ть;
датский;да́тский;; 3aX~;MiP;B8;Danish;dansk;dansk;;;
датчанин;датча́нин;; 1°a;MiP;L2;Dane;dansker;danske;;;
датчанка;датча́нка;; ??;MiP;L2;Dane;dansker;danske;;;
дать;да́ть;v; ^b/c;MiP;L9;give;give;gi;;дава́ть;
дача;да́ча;n; 4a;MiP;L4;summerhouse;sommerhus;sommerhus;;;
два;два;num;=;MiP;L8;two;to;to;;;
дверь;дверь;n; 8e^;MiP;L2;door;dør;dør;;;
девушка;де́вушка;n; 3*a;MiP;L6;girl;pige;jente;;;
дедушка;де́душка;n; 3*a;MiP;B5;grandfather;bedstefar;bestefar;;;
делать;де́лать;v; 1a;MiP;L1;do, make;gøre, lave;gjøre, lage;;сде́лать;
дело;де́ло;n; 1c;MiP;L4;affair, matter;sag;sak;;;
день;день;n; 2*b;MiP;L6;day;dag;dag;;;
деньги;де́ньги;n; 3*e;MiP;L8;money;penge;penger;;;
держать;держа́ть;v; 5c;MiP;L16;hold;holde;holde;;;
десерт;десе́рт;; 1a;MiP;L7;dessert;dessert;dessert;;;
детский;де́тский;adj; 3aX~;MiP;L13;child-related;børnerelatered;barnerelatert;;;
диалог;диало́г;; 3a;MiP;L1;dialog;dialog;dialog;;;
диван;дива́н;n; 1a;MiP;B9;couch, sofa;sofa, divan;sofa,divan;;;
дилер;ди́лер;; 1a;MiP;L9;dealer;forhandler;forhandler;;;
директор;дире́ктор;n; 1c(1);MiP;B4;director;direktør;direktør;;;
дискотека;дискоте́ка;; 3a;MiP;L19;discoteque;diskotek;diskotek;;;
для;для;pr;=;MiP;L7;for;til, bestemt for;til, for;;;
днем;днём;;=;MiP;L3;during the day;om dagen;om dagen;;;
добрый;до́брый;; 1a/c';MiP;L6;nice, kind;god;snill;;;
доволен;дово́лен;;=;MiP;L10;satisfied;tilfreds;tilfreds, fornøyd;;;
договариваться;догова́риваться;; 1a;MiP;L20;agree;aftale;avtale;;договори́ться;
договориться;договори́ться;v; 4b;MiP;L20;agree;aftale;avtale;;догава́риваться;
документ;докуме́нт;n; 1a;MiP;B6;document;dokument;dokument;;;
долго;до́лго;adv;=;MiP;L4;for a long time;længe;lenge;;;
должен;до́лжен;; 1*b~;MiP;L3;must, ought to, should;burde, skulle;burde, skulle, måtte;;;
дом;дом;n; 1c(1);MiP;B1;house, building;hus;hus;;;
дома;до́ма;n;=;MiP;B1;at home;hjemme;hjemme;;;
домой;домо́й;adv;=;MiP;L6;to home;hjem;hjem;;;
дорога;доро́га;n; 3a;MiP;L16;road;vej;veg;;;
дорого;до́рого;adv;=;MiP;L8;dearly;dyrt;dyrt;;;
дорогой;дорого́й;adv; 3b/c;MiP;L5;dear, expensive;dyr, kær;dyr, kjær;;;
доска;доска́;n; 3*f';MiP;B1;blackboard;tavle;tavle;;;
дочь;дочь;n; 8e^;MiP;B5;daughter;datter;datter;;;
друг;друг;n; 3c^;MiP;L7;friend;ven;venn;;;
другой;друго́й;det; 3b;MiP;L2;other;anden;annen;;;
думать;ду́мать;v; 1a;MiP;L9;think;tænke, mene;tenke, mene;;поду́мать;
душ;душ;n; 4a;MiP;L10;shower;brusebad, bruser;dusj;;;
душа;душа́;n; 4d';MiP;L21;soul;sjæl;sjel;;;
дядя;дя́дя;n; 2a(2);MiP;B9;uncle;onkel;onkel;;;
Европа;Евро́па;n; 1a;MiP;;Europe;Europa;Europa;;;
его;его́;det;=;MiP;B4;his;hans;hans;;;
еда;еда́;n; 1d-;MiP;L18;food;mad;mat;;;
ее;её;;=;MiP;B4;her;hendes;hennes;;;
если;е́сли;cnjsub;=;MiP;L3;if;hvis;hvis;;;
есть;есть;vbser;=;MiP;L8;eat;spise;spise;;съесть;
ехать;е́хать;v; ^a;MiP;L11;ride;køre;kjøre;;пое́хать;
еще;ещё;;=;MiP;B7;still;endnu, endvidere, også, mere;ennå, også, mer;;;
ждать;ждать;v; 6°b/cX;MiP;L6;wait;vente;vente;;подожда́ть;
же;же;part;=;MiP;B9;precisely;netop;nettopp;;;
желать;жела́ть;v; 1a;MiP;L15;desire;ønske;ønske;;пожела́ть;
жена;жена́;n; 1d;MiP;B4;wife;hustru, kone;kone;;;
женатый;жена́тый;; 1a;MiP;L14;married man;gift mand;gift mann;;;
жениться;жени́ться;v; 4c;MiP;L21;get married;gifte sig;gifte seg;;;
женщина;же́нщина;n; 1a;MiP;L9;woman;kvinde;kvinne;;;
жизнь;жизнь;n; 8a;MiP;L10;life;liv;liv;;;
жить;жить;v; 16b/c;MiP;L1;live;bo, leve;bo, leve;;;
журнал;журна́л;n; 1a;MiP;L1;magazine;blad, tidsskrift;blad, tidsskrift;;;
за;за;pr;=;MiP;L11;behind, for;bag, ved, for;bak, ved, for;;;
заболеть;заболе́ть;v;=;MiP;L16;get sick;blive syg;bli syk;;;
забывать;забыва́ть;v; 1a;MiP;L11;forget;glemme;glemme;;забы́ть;
забыть;забы́ть;v; ^a;MiP;L11;forget;glemme;glemme;;забыва́ть;
завтра;за́втра;adv;0;MiP;L5;tomorrow;i morgen;i morgen;;;
завтрак;за́втрак;n; 3a;MiP;B3;breakfast;morgenmad;frokost;;;
завтракать;за́втракать;; 1a;MiP;L4;eat breakfast;spise morgenmad;spise frokost;;поза́втракать;
загс;загс;; 1a;MiP;L21;marriage registry;bryllupspalads;;;;
зайти;зайти́;v; ^b/b(9);MiP;L12;stop by;kigge ind;stikke innom;;заходи́ть;
заказать;заказа́ть;; 6c;MiP;L19;order;bestille;bestille;;зака́зывать;
заказывать;зака́зывать;;=;MiP;L19;order;bestille;bestille;;заказа́ть;
закричать;закрича́ть;v; 5b;MiP;L18;yell;råbe;rope;;;
закрываться;закрыва́ться;; 1a;MiP;L18;close;blive lukket;lukkes;;закры́ться;
закрыться;закры́ться;; 12a;MiP;L18;close;blive lukket;lukkes;;закрыва́ться;
закуска;заку́ска;; 3*a;MiP;L7;hors d'oeuvre;forret;forrett;;;
зал;зал;n; 1a;MiP;L21;hall, room;sal;sal;;;
заместитель;замести́тель;n; 2a;MiP;L15;representative;stedfortræder;stedfortreder;;;
замужем;за́мужем;;=;MiP;;married woman;gift kvinde;gift kvinne;;;
заниматься;занима́ться;v; 1a;MiP;L16;be busy with;beskæftige sig med, dyrke;drive med;;заня́ться;
заняться;заня́ться;v;=;MiP;L16;be busy with;beskæftige sig med, dyrke;drive med;;занима́ться;
запад;за́пад;n; 1a;MiP;L7;west;vest;vest;;;
заплатить;заплати́ть;v; 4c;MiP;L8;pay;betale;betale;;плати́ть;
запомнить;запо́мнить;; 4a;MiP;L8;commit to memory;huske;huske;;;
зарабатывать;зараба́тывать;v; 1a;MiP;L14;earn;tjene penge;tjene penger;;зарабо́тать;
заработать;зарабо́тать;v;=;MiP;L14;earn;tjene penge;tjene penger;;зараба́тывать;
заходить;заходи́ть;v;=;MiP;L12;stop by;kigge ind;stikke innom;;зайти́;
звать;звать;v; 6°b/c;MiP;L2;call, be called;hedde om personer;hete om personer;;;
зверь;зверь;n;2;MiP;;animal, beast;dyr, vildt dyr;dyr, villdyr;;;
звонить;звони́ть;v; 4b;MiP;L2;ring, call;ringe;ringe;;позвони́ть;
звонок;звоно́к;n; 3*b;MiP;L2;ring, call;klokke;;;;
здесь;здесь;adv;=;MiP;;here;her;her;;;
здоровье;здоро́вье;n; 6*a-;MiP;L12;health;sundhed, helbred;helse;;;
здравствуй;здра́вствуй;v;=;MiP;L2;hello;goddag;god dag;;;
здравствуйте;здра́вствуйте;v;=;MiP;L2;hello;goddag;god dag;;;
зеленый;зелёный;; 1*a/c'^;MiP;L2;green;grøn;grønn;;;
зима;зима́;n; 1d';MiP;L17;winter;vinter;vinter;;;
зимний;зи́мний;; 2*a-;MiP;L17;winter;vinterrelatered;vinterrelatert;;;
зимой;зимо́й;n;=;MiP;L17;in the winter;om vinteren;om vinteren;;;
знакомиться;знако́миться;; 4a;MiP;;get to know;lære hinanden at kende;bli kjent;;познако́миться;
знакомый;знако́мый;; 1a;MiP;L13;familiar, acquaintance;bekendt, ven;bekjent, venn;;;
знать;знать;v;=;MiP;L2;know;kende;kjenne, vite;;;
значить;значи́ть;v; 4a;MiP;L9;mean;betyde;bety;;;
и;и;cnjcoo;=;MiP;B1;and;og;og;;;
играть;игра́ть;v; 1a;MiP;L1;play;lege, spille;leke, spille;;сыгра́ть;
играть;игра́ть;v; 1a;MiP;L1;play;lege, spille;leke, spille;;;
идти;идти́;v; ^b/b(9);MiP;L6;walk;gå;gå;;пойти́;ходи́ть
из;из;;=;MiP;L7;from;fra;fra;;;
извинить;извини́ть;v; 4b;MiP;L2;excuse;undskylde;unnskylde;;;
изучать;изуча́ть;v; 1a;MiP;L11;study;studere noget;studere noe;;изучи́ть;
изучить;изучи́ть;v; 4c;MiP;L11;learn;studere noget;studere noe;;изуча́ть;
икона;ико́на;n; 1a;MiP;L4;icon;ikon;ikon;;;
икра;икра́;n; 1d;MiP;L20;caviar;kaviar;kaviar;;;
или;и́ли;cnjcoo;=;MiP;B5;or;eller;eller;;;
импорт;и́́мпорт;; 1a;MiP;B6;import;import;import;;;
импортировать;импорти́ровать;;=;MiP;L7;import;importere;importere;;;
импортный;и́мпортный;; 1*a;MiP;L19;imported;importeret;importert;;;
импульсивный;импульси́вный;; 1*a;MiP;L19;impulsive;impulsiv;impulsiv;;;
инженер;инжене́р;n; 1a;MiP;L15;engineer;ingeniør;ingeniør;;;
иногда;иногда́;adv;=;MiP;L10;sometimes;undertiden, af og til;av og til;;;
интервью;интервью́;n;0;MiP;L1;interview;interview;intervju;;;
интересный;интере́сный;; 1*a;MiP;L3;interesting;spændende, interessant;spennende, interessant;;;
интересовать;интересова́ть;v; 2a;MiP;L14;interest;interessere;interessere;;;
интересоваться;интересова́ться;v; 2a;MiP;L16;be interested;interessere sig for;interessere seg for;;поинтересова́ться;
искупаться;искупа́ться;;=;MiP;L17;bathe, go swimming;bade;bade;;купа́ться;
Испания;Испа́ния;; 7a;MiP;L7;Spain;Spanien;Spania;;;
их;их;det;=;MiP;B5;their;deres;deres;;;
июль;ию́ль;n; 2a;MiP;;July;juli;juli;;;
июнь;ию́нь;n; 2a;MiP;L21;June;juni;juni;;;
к;к;pr;=;MiP;L11;to;til;til;;;
кабина;каби́на;n; 1a;MiP;L20;cabin;kabine;kabin;;;
кабинет;кабине́т;n; 1a;MiP;;office;kontorrum;kontorrom;;;
каждый;ка́ждый;; 1a;MiP;L9;every;enhver;hver;;;
казаться;каза́ться;v; 6c;MiP;L14;seem;synes, forekomme;synes, forekomme;;показа́ться;
как;как;adv;=;MiP;L3;how;hvordan;hvordan;;;
какой;како́й;prn; 3b;MiP;B8;what sort of, which;sikke en, hvilken;hva slags, hvilken;;;
календарь;календа́рь;; 2b;MiP;B6;calendar;kalender;kalender;;;
капитализм;капитали́зм;n; 1a;MiP;L11;capitalism;kapitalisme;kapitalisme;;;
карандаш;каранда́ш;n; 4b;MiP;B6;pencil;blyant;blyant;;;
карта;ка́рта;n; 1a;MiP;B2;map;kort;kart;;;
картина;карти́на;n; 1a;MiP;L4;picture, painting;billede, maleri;bilde, maleri;;;
картинка;карти́нка;n; 3*a;MiP;B2;picture;billede;bilde;;;
карточка;ка́рточка;n; 3*a;MiP;L19;card;kort;kort;;;
картошка;карто́шка;n; 3*a;MiP;L3;potatoes;kartofler;poteter;;;
касса;ка́сса;n; 1a;MiP;L8;cash register;kasse;kasse;;;
кассир;касси́р;; 1a;MiP;L16;cashier;kassedame;kassedame;;;
кафе;кафе́;n;0;MiP;L6;cafe;cafe;kafe;;;
каша;ка́ша;n; 4a;MiP;B3;porridge, mash;grød;grøt;;;
квартира;кварти́ра;n; 1a;MiP;L1;apartment;lejlighed;leilighet;;;
килограмм;килогра́мм;n; 1a((2));MiP;L8;kilogram;kilo;kilo;;;
кино;кино́;n;0;MiP;L6;movie theater;biograf;kino;;;
кинотеатр;кинотеа́тр;; 1a;MiP;B9;movie theater;biograf;kino;;;
киоск;кио́ск;; 3a;MiP;B1;kiosk;kiosk;kiosk;;;
классический;класси́ческий;adj; 3aX~;MiP;L16;classical;klassisk;klassisk;;;
класть;класть;v; 7bX;MiP;L21;put lying down;lægge;legge;;положи́ть;
клоун;кло́ун;; 1a;MiP;B4;clown;klovn;klovn;;;
клуб;клуб;n;=;MiP;L9;club;klub;klubb;;;
ключ;ключ;n; 4b;MiP;;key;nøgle;nøkkel;;;
книга;кни́га;n; 3a;MiP;B2;book;bog;bok;;;
книжный;кни́жный;; 1*a;MiP;L6;book-related;bogrelatered;bokrelatert;;;
когда;когда́;cnjsub;=;MiP;L1;when;hvornår, da, når;da, når;;;
кокетливо;коке́тливо;;=;MiP;L19;flirting;koket;kokett;;;
колбаса;колбаса́;n; 1d;MiP;L7;sausage;pølse;pølse;;;
колхоз;колхо́з;n; 1a;MiP;B9;collective farm;kolkhos-landbrug;kollektivbruk;;;
комедия;коме́дия;; 7a;MiP;L12;comedy;komedie;komedie;;;
коммуналка;коммуна́лка;; 3*a;MiP;L10;communal apartment;fælleslejlighed;fellesleilighet;;;
комната;ко́мната;n; 1a;MiP;;room;værelse;værelse, rom;;;
компакт-диск;компа́кт-диск;^-; 1a;MiP;B9;CD;CD;CD;;;
компот;компо́т;; 1a;MiP;B7;compote;frugtdrik;fruktdrikk;;;
компьютер;компью́тер;n; 1a;MiP;B6;computer;komputer;datamaskin;;;
конверт;конве́рт;n; 1a;MiP;L15;envelope;konvolut;konvolutt;;;
конечно;коне́чно;adv;=;MiP;L3;of course;selvfølgelig;selvfølgelig;;;
консалтинговый;конса́лтинговый;;=;MiP;L21;consulting;rådgivningsrelatered;rådgivningsrelatert;;;
контора;конто́ра;n; 1a;MiP;;office;kontorrum;kontorrom;;;
контракт;контра́кт;n; 1a;MiP;B6;contract;kontrakt;kontrakt;;;
контроль;контро́ль;n; 2a;MiP;L20;check, inspection;kontrol;kontroll;;;
конфета;конфе́та;n; 1a;MiP;L6;candy;konfekt;konfekt;;;
концерт;конце́рт;n; 1a;MiP;L6;concert;koncert;konsert;;;
концертный;конце́ртный;; 1*a;MiP;L16;concert;koncertrelatered;konsertrelatert;;;
кончаться;конча́ться;v; 1a;MiP;L15;end;slutte;slutte, ta slutt;;ко́нчиться;
кончиться;ко́нчиться;v; 4a;MiP;L15;end;slutte;slutte, ta slutt;;конча́ться;
Копенгаген;Копенга́ген;; 1a;MiP;L3;Copenhagen;København;København;;;
коридор;коридо́р;n; 1a;MiP;L1;corridor;gang, korridor;gang, korridor;;;
который;кото́рый;prn; 1a;MiP;L4;which, who;der, som;som;;;
кофе;ко́фе;n;0;MiP;L4;coffee;kaffe;kaffe;;;
кошмар;кошма́р;; 1a;MiP;L6;nightmare;mareridt;mareritt;;;
красивый;краси́вый;; 1a;MiP;L1;beautiful;smuk;vakker;;;
красить;кра́сить;; 4a;MiP;L4;paint;male;male;;;
красный;кра́сный;; 1*a/c";MiP;B8;red;rød;rød;;;
кредитный;креди́тный;; 1*a;MiP;L19;credit;kreditrelatered;kredittrelatert;;;
кричать;крича́ть;v; 5b;MiP;L18;yell;råbe;rope;;;
кроме;кро́ме;pr;=;MiP;L18;except;undtagen;unntatt;;;
кто;кто;prn;=;MiP;B1;who;hvem;hvem;;;
кто-нибудь;кто́-нибудь;prn;=;MiP;;anyone;nogen;noen;;;
кто-то;кто́-то;prn;=;MiP;;someone;nogen;noen;;;
куда;куда́;adv;=;MiP;L4;to where;hvorhen;hvorhen;;;
купаться;купа́ться;v; 1a;MiP;L17;bathe, go swimming;bade;bade;;искупа́ться;
купить;купи́ть;v; 4c;MiP;L7;buy;købe;kjøpe;;покупа́ть;
кухня;ку́хня;n; 2*a^;MiP;B7;kitchen;køkken;kjøkken;;;
ладно;ла́дно;adv;=;MiP;L6;ok;ok;ok;;;
лампа;ла́мпа;n; 1a;MiP;B2;lamp;lampe;lampe;;;
лампочка;ла́мпочка;n; 3*a;MiP;L14;lamp, lightbulb;pære;lyspære;;;
легче;ле́гче;;=;MiP;L21;easier;lettere;lettere;;;
лед;лёд;; 1*b;MiP;L17;ice;is;is;;;
лежать;лежа́ть;v; 5b;MiP;L2;lie;ligge;ligge;;;
лекция;ле́кция;n; 7a;MiP;L10;lecture;forelæsning;forelesning;;;
лес;лес;n; 1c(1);MiP;L17;forest;skov;skog;;;
летний;ле́тний;; 2*a-;MiP;;summer;sommerrelatered;sommerrelatert;;;
лето;ле́то;n;=;MiP;L11;summer, year;sommer, år;sommer, år;;;
летом;ле́том;n;=;MiP;;in the summer;om sommeren;om sommeren;;;
лимон;лимо́н;; 1a;MiP;L7;lemon;citron;sitron;;;
литература;литерату́ра;n; 1a;MiP;L5;literature;litteratur;litteratur;;;
лифт;лифт;n; 1a;MiP;L10;elevator;elevator;heis;;;
ловить;лови́ть;v; 4c;MiP;L17;fish for, catch;fange;fange;;пойма́ть;
ломаться;лома́ться;; 1a;MiP;L20;break;gå i stykker;gå i stykker;;слома́ться;
лучше;лу́чше;;=;MiP;L12;better;bedre, hellere;bedre;;;
лыжи;лы́жи;n; 3a;MiP;L17;skis;ski;ski;;;
лыжник;лы́жник;; 3a;MiP;L18;skier;skiløber;skiløper;;;
любимый;люби́мый;v; 1a;MiP;L6;favorite;elsket;elsket;;;
любить;люби́ть;v; 4c;MiP;L21;love;elske;elske;;;
любовь;любо́вь;n; 8*b';MiP;L18;love;kærlighed;kjærlighet;;;
люди;лю́ди;n;=;MiP;L11;people;folk;folk;;;
магазин;магази́н;n; 1a;MiP;L6;store, shop;forretning;forretning;;;
маленький;ма́ленький;adj; 3a^;MiP;B8;small;lille;liten;;;
мало;ма́ло;adv;=;MiP;L11;little, few;lidt, få;lite, få;;;
мальчик;ма́льчик;n; 3a;MiP;L10;boy;dreng;gutt;;;
мама;ма́ма;n; 1a;MiP;B4;mom;mor;mamma;;;
марка;ма́рка;n; 3*a;MiP;L15;stamp;frimærke;frimerke;;;
март;март;n; 1a;MiP;L19;March;marts;mars;;;
маршрутный;маршру́тный;; 1*a;MiP;L20;fixed-route;ruterelatered;rutegående;;;
масло;ма́сло;n; 1*c^;MiP;L8;butter;smør;smør;;;
мать;мать;n; 8e^;MiP;B5;mother;mor;mor;;;
машина;маши́на;n; 1a;MiP;L7;car;bil;bil;;;
мед;мёд;;=;MiP;L13;honey;honning;honning;;;
медведь;медве́дь;n; 2a;MiP;L18;bear;bjørn;bjørn;;;
меньше;ме́ньше;;=;MiP;L20;less;mindre;mindre;;;
место;ме́сто;n; 1c;MiP;L16;place;sted;sted;;;
месяц;ме́сяц;n;=;MiP;L10;month;måned;måned;;;
метро;метро́;n;0;MiP;L17;subway;metro;t-bane;;;
мечта;мечта́;n; 1b*;MiP;L21;dream, daydream;drøm, dagdrøm;drøm, dagdrøm;;;
милый;ми́лый;; 1a/c';MiP;L13;nice, dear;sød, kær;søt, kjær, snill;;;
минута;мину́та;n; 1a;MiP;L14;minute;minut;minutt;;;
минутка;мину́тка;n; 3*a;MiP;L6;moment;øjeblik;øyeblikk;;;
мир;мир;n; 1c;MiP;L11;peace, world;fred, verden;fred, verden;;;
много;мно́го;adv;=;MiP;L1;much, many;mange, meget;mange, mye;;;
мобильный;моби́льный;; 1*a;MiP;L6;mobile;mobilrelatered;mobilrelatert;;;
мода;мо́да;n; 1a;MiP;;fashion;mode;mote;;;
можно;мо́жно;part;=;MiP;L1;possible;muligt;mulig;;;
мой;мой;det; 6b;MiP;B9;my;min;min;;;
молодожены;молодожёны;;=;MiP;L21;newlyweds;nygifte;nygifte;;;
молодой;молодо́й;; 1b/c;MiP;L11;young;ung;ung;;;
молоко;молоко́;n; 3d(1)-;MiP;B3;milk;mælk;melk;;;
момент;моме́нт;n; 1a;MiP;L18;moment;øjeblik;øyeblikk;;;
мороженое;моро́женое;; 1a;MiP;L11;ice cream;spiseis;iskrem;;;
мороз;моро́з;n; 1a;MiP;L17;frost;frost;frost;;;
мочь;мочь;vbmod;=;MiP;L4;be able;kunne;kunne;;смочь;
муж;муж;n; 4c^;MiP;B4;husband;ægtemand;ektemann;;;
мужчина;мужчи́на;n; 1a;MiP;L17;man;mand;mann;;;
музей;музе́й;n; 6a;MiP;B3;museum;museum;museum;;;
музыка;му́зыка;n; 3a;MiP;L4;music;musik;musikk;;;
музыкальный;музыка́льный;; 1*a;MiP;L14;musical;musikrelatered;musikkrelatert;;;
музыкант;музыка́нт;n; 1a;MiP;L16;musician;musiker;musiker;;;
мы;мы;prn;=;MiP;B5;we;vi;vi;;;
мысль;мысль;n; 8a;MiP;L21;thought;tanke;tanke;;;
мясо;мя́со;n; 1c-;MiP;L3;meat;kød;kjøtt;;;
на;на;pr;=;MiP;B2;on, onto;på;på;;;
наверно;наве́рно;adv;=;MiP;L6;surely;nok;antakelig;;;
над;над;pr;=;MiP;L14;above;over;over;;;
надевать;надева́ть;v; 1a;MiP;L13;put on clothing;give på;ta på seg klær;;наде́ть;
надеть;наде́ть;v; 15a;MiP;L13;put on clothing;give på;ta på seg klær;;надева́ть;
надеяться;наде́яться;v; 6a;MiP;L14;hope;håbe;håpe;;;
надо;на́до;pr;=;MiP;;necessary;nødvendigt;nødvendig;;;
называться;называ́ться;v; 1a;MiP;L16;be named;hedde om ting;hete om ting;;;
найти;найти́;v;=;MiP;L10;find;finde;finne;;;
написать;написа́ть;v;=;MiP;L8;write;skrive;skrive;;писа́ть;
находить;находи́ть;v;=;MiP;L10;find;finde;finne;;;
находиться;находи́ться;v;=;MiP;L16;be located;befinde sig, ligge;befinne seg, ligge;;;
начать;нача́ть;v; 14b/c(1);MiP;L9;start, begin;begynde;begynne;;начина́ть;
начинать;начина́ть;v; 1a;MiP;L9;start, begin;begynde;begynne;;нача́ть;
наш;наш;det;=;MiP;B9;our;vores;vår;;;
не;не;adv;=;MiP;B3;not;ikke;ikke;;;
невеста;неве́ста;n; 1a;MiP;L20;bride;brud;brud;;;
недалеко;недалеко́;adv;=;MiP;L8;not far;ikke langt væk;ikke langt borte;;;
неделя;неде́ля;n; 2a;MiP;L15;week;uge;uke;;;
недорогой;недорого́й;; 3b/c~;MiP;L16;inexpensive;billig, ikke dyr;billig, ikke dyr;;;
нежно;не́жно;adv;=;MiP;L19;tenderly;ømt;ømt;;;
нельзя;нельзя́;part;=;MiP;L1;forbidden, not allowed;forbudt, ikke måtte;forbudt, ikke tillatt;;;
немец;не́мец;n; 5*a;MiP;L16;German;tysker;tysker;;;
немецкий;неме́цкий;; 3aX~;MiP;L9;German;tysk;tysk;;;
немного;немно́го;adv;=;MiP;L9;not much;lidt;litt;;;
неплохо;непло́хо;adv;=;MiP;L5;not badly;ikke dårligt;ikke dårlig;;;
несколько;не́сколько;adv;=;MiP;L14;several;nogle;noen, flere;;;
нести;нести́;v; 7b/b;MiP;L11;carry, bring;bære;bære;;понести́;
нет;нет;ij;=;MiP;;no;nej;nei;;;
никогда;никогда́;adv;=;MiP;L14;never;aldrig;aldri;;;
никто;никто́;prn;=;MiP;L18;no one;ingen, ikke nogen;ingen;;;
ничего;ничего́;prn;=;MiP;L13;nothing, OK;ingenting, OK;ingenting, OK;;;
ничего;ничего́;prn;=;MiP;L13;nothing;ingenting;ingenting;;;
но;но;cnjcoo;0;MiP;L2;but;men;men;;;
новость;но́вость;n;8;MiP;L9;piece of news;nyhed;nyhet;;;
новый;но́вый;; 1a/c';MiP;L2;new;ny;ny;;;
номер;но́мер;n; 1c(1);MiP;L1;number;nummer;nummer;;;
Норвегия;Норве́гия;; 7a;MiP;L17;Norway;Norge;Norge;;;
нормально;норма́льно;adv;=;MiP;L4;OK;fint, OK;fint, OK;;;
ночь;ночь;n;8;MiP;L10;night;nat;natt;;;
ночью;но́чью;n;=;MiP;L10;in the night;om natten, i nat;om natten, i natt;;;
нравиться;нра́виться;v; 4a;MiP;L12;be pleasing;behage, kunne lide;behage, like;;понра́виться;
нужно;ну́жно;;=;MiP;;needed;nødvendigt;nødvendig;;;
о;о;pr;=;MiP;L5;about;om;om;;;
обед;обе́д;n; 1a;MiP;B7;lunch;middagsmad;lunsj;;;
обедать;обе́дать;v; 1a;MiP;L2;eat lunch;spise middag, spise frokost;spise lunsj;;пообе́дать;
обрадоваться;обра́доваться;v; 2a;MiP;L14;become happy;blive glad;bli glad;;ра́доваться;
общий;о́бщий;; 4a/c;MiP;L10;common;fælles;felles;;;
овощи;о́вощи;;4;MiP;L8;vegetables;grøntsager;grønnsaker;;;
огурец;огуре́ц;n; 5*b;MiP;L12;cucumber;agurk;agurk;;;
один;оди́н;num; 1*b;MiP;;one, alone;en, alene;en, alene;;;
однажды;одна́жды;adv;=;MiP;L8;once;engang;en gang;;;
озеро;о́зеро;n; 1a^;MiP;L17;lake;sø;sjø;;;
ой;ой;ij;=;MiP;L3;oh;åh, nej;å, nei;;;
окно;окно́;n; 1*d;MiP;B1;window;vindue;vindu;;;
окошко;око́шко;n; 3*a(1);MiP;L15;ticket window;luge;luke;;;
октябрь;октя́брь;n; 2b;MiP;B9;October;oktober;oktober;;;
он;он;prn;=;MiP;B1;he, it;han, den, det;han, den, det;;;
она;она́;prn;=;MiP;B1;she, it;hun, den, det;hun, den, det;;;
они;они́;prn;0;MiP;B1;they;de;de;;;
оно;оно́;prn;=;MiP;B1;it;den, det;den, det;;;
опять;опя́ть;adv;=;MiP;L6;again;igen;igjen;;;
орден;о́рден;n;=;MiP;L11;medal;orden;orden;;;
оркестр;орке́стр;n; 1a;MiP;B9;orchestra;orkester;orkester;;;
осень;о́сень;n; 8a;MiP;;autumn;efterår;høst;;;
осенью;о́сенью;n;=;MiP;L18;in autumn;om efteråret;om høsten;;;
остановка;остано́вка;n; 3*a;MiP;L16;mass transit stop;stoppested;stoppested;;;
осторожно;осторо́жно;adv;=;MiP;L18;watch out, carefully;forsigtigt;forsiktig;;;
остров;о́стров;n; 1c(1);MiP;;island;ø;øy;;;
от;от;pr;=;MiP;L8;from;fra;fra;;;
ответить;отве́тить;v; 4a;MiP;L9;answer;svare;svare;;отвеча́ть;
отвечать;отвеча́ть;v; 1a;MiP;L9;answer;svare;svare;;отве́тить;
отдавать;отдава́ть;v; 13b;MiP;L20;deliver;aflevere;avlevere;;отда́ть;
отдать;отда́ть;v; ^b/c[(1)];MiP;L20;deliver;aflevere;avlevere;;отдава́ть;
отдельный;отде́льный;; 1*a;MiP;L10;separate;egen, eget, separat;egen, eget, separat;;;
отдыхать;отдыха́ть;v; 1a;MiP;L3;rest;holde fri, slappe af;hvile, slappe av;;;
отец;оте́ц;n; 5*b;MiP;B5;father;far;far;;;
открывать;открыва́ть;v; 1a;MiP;L9;open;åbne;åpne;;откры́ть;
открытка;откры́тка;; 3*a;MiP;L15;postcard;postkort;postkort;;;
открыть;откры́ть;v; 12a;MiP;L9;open;åbne;åpne;;открыва́ть;
отправить;отпра́вить;v; 4a;MiP;L13;send;sende;sende;;отправля́ть;
отправлять;отправля́ть;;=;MiP;L13;send;sende;sende;;отпра́вить;
отпуск;о́тпуск;n; 3c(1);MiP;L17;vacation;ferie;ferie;;;
оттуда;отту́да;adv;=;MiP;L18;from there;derfra;derfra;;;
офис;о́фис;n; 1a;MiP;L7;office;kontorfirma;kontor;;;
очень;о́чень;adv;=;MiP;L1;very;meget;veldig;;;
очередь;о́чередь;n;8;MiP;L10;line, queue;kø;kø;;;
пакет;паке́т;n; 1a;MiP;L8;shopping bag, package;bærepose, pakke;bærepose, pakke;;;
палка;па́лка;n; 3*a;MiP;L18;pole, cane;skistav, stav;skistav, stav;;;
пальто;пальто́;n;0;MiP;L14;coat;frakke;frakk;;;
папа;па́па;n;=;MiP;B7;dad;pappa;pappa;;;
парк;парк;n; 3a;MiP;B9;park;park;park;;;
партер;парте́р;; 1a;MiP;L16;parterre;parterre;parterre;;;
партнер;партнёр;; 1a;MiP;B6;partner;forretningsforbindelse, partner;forretningsforbindelse, partner;;;
паспорт;па́спорт;n; 1c(1);MiP;L20;passport;pas;pass;;;
паспортный;па́спортный;;=;MiP;L20;passport;pasrelatered;passrelatert;;;
пассажир;пассажи́р;n; 1a;MiP;L18;passenger;passager;passasjer;;;
пауза;па́уза;n; 1a;MiP;L6;break, intermission;pause;pause;;;
пенсионер;пенсионе́р;n; 1a;MiP;B5;retiree;pensionist;pensjonist;;;
пенсия;пе́нсия;n; 7a;MiP;L10;pension;pension;pensjon;;;
пепси;пе́пси;; ??;MiP;L2;Pepsi;Pepsi-cola;Pepsi-cola;;;
первый;пе́рвый;; 1a;MiP;;first;første;første;;;
передача;переда́ча;n; 4a;MiP;;broadcast;radioprogram, fjernsynsprogram;radioprogram, fjernsynsprogram;;;
переезжать;переезжа́ть;; 1a;MiP;L10;move, ride across;flytte;flytte, kjøre tvers over;;перее́хать;
переехать;перее́хать;v; ^a;MiP;L10;move, ride across;flytte;flytte, kjøre tvers over;;переезжа́ть;
перспектива;перспекти́ва;n; 1a;MiP;L21;perspective;perspektiv;perspektiv;;;
петь;петь;v; 12b;MiP;L21;sing;synge;synge;;спеть;
пешком;пешко́м;adv;=;MiP;L16;on foot;til fods;til fots;;;
пиво;пи́во;n; 1a;MiP;B9;beer;øl;øl;;;
пиджак;пиджа́к;n; 3b;MiP;L11;jacket;jakke;jakke;;;
писать;писа́ть;v;=;MiP;L8;write;skrive;skrive;;написа́ть;
письмо;письмо́;n; 1*d;MiP;L15;letter;brev;brev;;;
пить;пить;v; 11b/c;MiP;L12;drink;drikke;drikke;;вы́пить;
плакат;плака́т;n; 1a;MiP;B4;poster;plakat;plakat;;;
платить;плати́ть;v; 4c;MiP;L8;pay;betale;betale;;заплати́ть;
платформа;платфо́рма;n; 1a;MiP;L18;railway platform;perron;perrong;;;
плейер;пле́йер;; 1a;MiP;;player;discman;walkman;;;
плохо;пло́хо;adv;=;MiP;L10;poorly;dårligt;dårlig;;;
плохой;плохо́й;; 3b/c';MiP;L11;bad;dårlig;dårlig;;;
площадь;пло́щадь;n;8;MiP;L16;town square;plads;plass, torg;;;
по;по;pr;=;MiP;L16;up to, along;ad, via;langs;;;
по-английски;по-англи́йски;pr;=;MiP;B6;in English;på engelsk;på engelsk;;;
по-русски;по-ру́сски;pr;=;MiP;;in Russian;på russisk;på russisk;;;
погода;пого́да;n; 1a;MiP;L5;weather;vejr;vær;;;
погулять;погуля́ть;;=;MiP;L15;go for a walk, stroll, party;gå tur, spadsere en stund, feste;gå tur, spasere en stund, feste;;гуля́ть;
под;под;pr; 1c;MiP;L21;under;ind under;under;;;
подарить;подари́ть;v; 4c;MiP;L11;give a gift;forære;forære;;дари́ть;
подарок;пода́рок;n; 3*a;MiP;L11;gift;gave;gave;;;
подвиг;по́двиг;n; 3a;MiP;L12;achievement;bedrift;bedrift, heltedåd;;;
подождать;подожда́ть;v; 6°b/c;MiP;L6;wait;vente;vente;;ждать;
подруга;подру́га;n; 3a;MiP;L3;female friend;veninde;venninne;;;
подумать;поду́мать;v; 1a;MiP;L9;think;tænke, mene;tenke, mene;;ду́мать;
подъезд;подъе́зд;n; 1a;MiP;L14;building entrance;opgang;oppgang;;;
поезд;по́езд;n; 1c(1);MiP;L17;train;tog;tog;;;
поехать;пое́хать;v; ^a;MiP;L11;ride;køre;kjøre;;е́хать;
пожалуйста;пожа́луйста;ij;=;MiP;;please;venligst;venligst;;;
пожелать;пожела́ть;v; 1aX;MiP;L15;desire;ønske;ønske;;жела́ть;
позавтракать;поза́втракать;;=;MiP;L4;eat breakfast;spise morgenmad;spise frokost;;за́втракать;
позвонить;позвони́ть;v; 4b;MiP;L2;ring, call;ringe;ringe;;звони́ть;
поздно;по́здно;adv;=;MiP;L10;late;sent;sent;;;
поздравить;поздра́вить;;=;MiP;L11;congratulate;ønske tillykke;gratulere;;поздравля́ть;
поздравлять;поздравля́ть;v; 1a;MiP;L11;congratulate;ønske tillykke;gratulere;;поздра́вить;
познакомиться;познако́миться;v; 4a;MiP;;get to know;lære hinanden at kende;bli kjent;;знако́миться;
поиграть;поигра́ть;; 1a;MiP;L1;play;spille lidt;spille, leke litt;;;
поинтересоваться;поинтересова́ться;v; 2a;MiP;L16;be interested;interessere sig for;interessere seg for;;интересова́ться;
поймать;пойма́ть;v; 1a;MiP;L17;catch;fange;fange;;лови́ть;
пойти;пойти́;v; ^b/b(9);MiP;L6;walk;gå;gå;;идти́;
пока;пока́;adv;=;MiP;L2;see you later, until, so long, goodbye;farvel, vi ses;farvel, ha det;;;
показать;показа́ть;v; 6c;MiP;L7;show;vise;vise;;пока́зывать;
показаться;показа́ться;v; 6c;MiP;L14;seem;synes, forekomme;synes, forekomme;;каза́ться;
показывать;пока́зывать;v; 1a;MiP;L7;show;vise;vise;;показа́ть;
покупатель;покупа́тель;n; 2a;MiP;L8;buyer;kunde;kunde;;;
покупать;покупа́ть;v; 1a;MiP;L7;buy;købe;kjøpe;;купи́ть;
полка;по́лка;n; 3*a;MiP;B2;shelf;hylde, reol;hylle, reol;;;
положить;положи́ть;v; 4c;MiP;L21;put lying down;lægge;legge;;класть;
получать;получа́ть;v; 1a;MiP;L8;receive;få, modtage;få, motta;;получи́ть;
получить;получи́ть;v; 4c;MiP;L8;receive;få, modtage;få, motta;;получа́ть;
полюбить;полюби́ть;v; 4c;MiP;L21;love;elske;elske;;;
помогать;помога́ть;o^гать; 1a;MiP;L10;help;hjælpe;hjelpe;;помо́чь;
помнить;по́мнить;v;=;MiP;L8;remember;huske;huske;;;
помочь;помо́чь;;=;MiP;L10;help;hjælpe;hjelpe;;помага́ть;
понедельник;понеде́льник;n; 3a;MiP;L5;Monday;mandag;mandag;;;
понести;понести́;v; 7b/b;MiP;L11;carry, bring;bære;bære;;нести́;
понимать;понима́ть;v; 1a;MiP;L6;understand;forstå;forstå;;поня́ть;
понравиться;понра́виться;v; 4a;MiP;L12;be pleasing;kunne lide;behage, like;;нра́виться;
понять;поня́ть;v; 14b/c;MiP;L6;understand;forstå;forstå;;понима́ть;
пообедать;пообе́дать;; 1a;MiP;L2;eat lunch;spise middag, spise frokost;spise lunsj;;обе́дать;
попросить;попроси́ть;v; 4c;MiP;L8;ask, request;bede om;be om;;проси́ть;
пора;пора́;n;=;MiP;L14;it’s time;det er på tide;det er på tide;;;
порнография;порногра́фия;; 7a;MiP;L11;pornography;pornografi;pornografi;;;
посидеть;посиде́ть;v; 5b;MiP;L4;sit for a while;sidde en stund;sitte en stund;;;
после;по́сле;pr;=;MiP;L7;after;efter;etter;;;
послушать;послу́шать;v; 1a;MiP;L4;listen;lytte;lytte, høre på;;;
посмотреть;посмотре́ть;v; 5c;MiP;L1;look, watch;kigge på;kikke;;смотре́ть;
поспорить;поспо́рить;; 4a;MiP;L10;argue;diskutere;diskutere;;спо́рить;
поссориться;поссо́риться;; 4a;MiP;L21;argue;blive uvenner;krangle;;ссо́риться;
потанцевать;потанцева́ть;;=;MiP;L15;dance for a while;danse en stund;danse en stund;;;
потом;пото́м;adv;=;MiP;L4;then, after, next;så, derefter, bagefter;deretter, etterpå, så;;;
потому что;потому́ что;adv;=;MiP;L1;because;fordi;fordi;;;
потратить;потра́тить;; 4a;MiP;L19;spend;bruge penge, tid;bruke penger, tid;;тра́тить;
поужинать;поу́жинать;; 1a;MiP;B6;eat dinner;spise aftensmad;spise middag;;у́жинать;
поцеловать;поцелова́ть;;=;MiP;L12;kiss;kysse;kysse;;целова́ть;
почему;почему́;adv;=;MiP;L1;why;hvorfor;hvorfor;;;
почта;по́чта;n; 1a;MiP;L15;post office;post, posthus;post, postkontor;;;
почти;почти́;adv;=;MiP;L10;almost;næsten;nesten;;;
почувствовать;почу́вствовать;v; 2a;MiP;L19;feel;føle;føle;;чу́вствовать;
поэт;поэ́т;n; 1a;MiP;B2;poet;digter;dikter;;;
поэтому;поэ́тому;adv;=;MiP;L6;for that reason;derfor;derfor;;;
прав;прав;n;=;MiP;L6;correct, right;ret, riktigt;rett, riktig;;;
правда;пра́вда;n; 1a;MiP;L6;truth;sandhed;sannhet;;;
предлагать;предлага́ть;v; 1a;MiP;L11;offer, suggest;foreslå;foreslå;;предложи́ть;
предложить;предложи́ть;v; 4c;MiP;L11;offer, suggest;foreslå;foreslå;;предлага́ть;
предмет;предме́т;n; 1a;MiP;;object, topic;genstand, fag;gjenstand, fag;;;
прекрасный;прекра́сный;; 1*a;MiP;L4;wonderful;pragtfuld;praktfull;;;
привет;приве́т;n; 1a;MiP;L2;hello;hej;hei;;;
пригласить;пригласи́ть;v; 4b;MiP;L9;invite;invitere;invitere;;приглаша́ть;
приглашать;приглаша́ть;v; 1a;MiP;L9;invite;invitere;invitere;;пригласи́ть;
приготовить;пригото́вить;v; 4a;MiP;L8;prepare;forberede, tilberede;forberede, tilberede;;;
приехать;прие́хать;v; ^a;MiP;L6;arrive riding;komme kørende;komme kjørende;;;
прийти;прийти́;v; ^b/b(9);MiP;L9;arrive walking;komme til fods;komme til fots;;приходи́ть;
прилетать;прилета́ть;; 1a;MiP;L20;arrive flying;ankomme pr. fly;komme med fly;;прилете́ть;
прилететь;прилете́ть;v; 5b;MiP;L20;arrive flying;ankomme pr. fly;komme med fly;;прилета́ть;
принтер;при́нтер;; 1a;MiP;B6;printer;printer;printer;;;
приходить;приходи́ть;v; 4c;MiP;L9;arrive walking;komme til fods;komme til fots;;прийти́;
приятно;прия́тно;adv;=;MiP;L2;pleasantly;behageligt;behagelig;;;
приятный;прия́тный;; 1*a;MiP;L7;pleasant;behagelig;behagelig;;;
проблема;пробле́ма;n; 1a;MiP;L9;problem;problem;problem;;;
программа;програ́мма;n; 1a;MiP;L15;program;program;program;;;
продавать;продава́ть;v; 13b;MiP;L20;sell;sælge;selge;;прода́ть;
продавец;продаве́ц;n; 5*b;MiP;L8;salesman;ekspedient;butikkselger;;;
продавщица;продавщи́ца;; 5a;MiP;L8;saleswoman;ekspeditrice;butikkselger;;;
продать;прода́ть;v; ^b/c[(1)];MiP;L20;sell;sælge;selge;;продава́ть;
продукт;проду́кт;n; 1a;MiP;L7;product, produce;fødevare;matvare;;;
прожить;прожи́ть;v; 16b/c;MiP;L10;live through;tilbringe en vis tid;tilbringe en viss tid;;;
пройти;пройти́;v; ^b/b(9);MiP;L20;walk through, pass;gå igennem, passere;gå gjennom, passere;;проходи́ть;
просить;проси́ть;v; 4c;MiP;L8;ask, request;bede om;be om;;попроси́ть;
просто;про́сто;adv;=;MiP;;just, simply;bare, simpelthen;bare, simpelthen;;;
против;про́тив;pr;=;MiP;L17;against;imod;imot;;;
проходить;проходи́ть;v; 4c;MiP;L20;walk through, pass;gå igennem, passere;gå gjennom, passere;;пройти́;
прочитать;прочита́ть;; 1a;MiP;L9;read;læse;lese;;чита́ть;
пустой;пусто́й;; 1b/c';MiP;L21;empty;tom;tom;;;
пусть;пусть;part;=;MiP;L19;let, may;lad blot;bare la;;;
пятница;пя́тница;n; 5a;MiP;L9;Friday;fredag;fredag;;;
работа;рабо́та;n; 1a;MiP;L1;work;arbejde;arbeid;;;
работать;рабо́тать;v; 1a;MiP;L1;work;arbejde;arbeide;;;
рад;рад;n; 1a;MiP;;happy;glad;glad;;;
радоваться;ра́доваться;v; 2a;MiP;L14;be happy;være glad;være glad;;обра́доваться;
раз;раз;n; 1c(2);MiP;L7;time;gang;gang;;;
разговаривать;разгова́ривать;v;=;MiP;;converse;tale sammen;snakke sammen;;;
район;райо́н;n; 1a;MiP;L3;district;bydel;bydel;;;
ракета;раке́та;n; 1a;MiP;L9;racket;ketsjer;racket;;;
рано;ра́но;adv;=;MiP;L5;early;tidligt;tidlig;;;
раньше;ра́ньше;;=;MiP;L7;earlier, before;tidligere, før;tidligere, før;;;
рассказать;рассказа́ть;v; 6c;MiP;L3;tell;fortælle;fortelle;;расска́зывать;
рассказывать;расска́зывать;v; 1a;MiP;L3;tell;fortælle;fortelle;;рассказа́ть;
ребенок;ребёнок;; 3°a^;MiP;L14;child;barn;barn;;;
река;река́;n; 3d';MiP;L17;river;flod;elv;;;
реклама;рекла́ма;n; 1a;MiP;L7;advertisement;reklame;reklame;;;
рекламный;рекла́мный;; 1*a;MiP;L7;advertising;reklamerelatered;reklamerelatert;;;
репка;ре́пка;; 3*a;MiP;L5;turnip;roe;nepe;;;
ресторан;рестора́н;n; 1a;MiP;B9;restaurant;restaurant;restaurant;;;
решать;реша́ть;v; 1a;MiP;L10;decide, solve;beslutte, løse;beslutte, avgjøre, løse, bestemme;;реши́ть;
решить;реши́ть;v; 4b;MiP;L10;decide, solve;beslutte, løse;beslutte, avgjøre, løse, bestemme;;реша́ть;
родители;роди́тели;n;=;MiP;B5;parents;forældre;foreldre;;;
родной;родно́й;; 1bX;MiP;L21;native;hjemstedsrelatered;hjemstedsrelatert;;;
рождение;рожде́ние;n; 7a;MiP;L11;birth;fødsel;fødsel;;;
роза;ро́за;n; 1a;MiP;L7;rose;rose;rose;;;
рок;рок;; 3a;MiP;L6;rock music;rock;rock;;;
роман;рома́н;n; 1a;MiP;L1;novel;roman;roman;;;
российский;росси́йский;adj; 3aX~;MiP;B8;Russian;russisk (om staten);russisk (om staten);;;
Россия;Росси́я;np; 7a;MiP;B2;Russia;Rusland;Russland;;;
рубль;рубль;n; 2b;MiP;L8;ruble;rubel;rubel;;;
рука;рука́;n; 4f';MiP;L1;arm, hand;arm, hånd;arm, hånd;;;
русский;ру́сский;adj; 3aX~;MiP;L2;Russian;russisk;russisk;;;
ручка;ру́чка;n; 3*a;MiP;B6;pen;kuglepen;kulepenn;;;
рыба;ры́ба;n; 1a;MiP;L11;fish;fisk;fisk;;;
рынок;ры́нок;n; 3*a;MiP;L8;market;marked;marked;;;
рюкзак;рюкза́к;n; 3b;MiP;L17;backpack;rygsæk;ryggsekk;;;
ряд;ряд;n; 1c;MiP;L16;row;række;rekke;;;
рядом;ря́дом;n;=;MiP;L10;next to;i nærheden;i nærheten;;;
с;с;pr;=;MiP;L13;from, off;fra;fra;;;
с;с;pr;=;MiP;;with;med, sammen med;med, sammen med;;;
сад;сад;n; 1c;MiP;L13;garden;have;hage;;;
садиться;сади́ться;v; 4b;MiP;L16;sit down;sætte sig;sette seg;;сесть;
салат;сала́т;; 1a;MiP;B7;salad, lettuce;salat;salat;;;
сам;сам;det; 1f;MiP;L12;self;selv;selv;;;
самовар;самова́р;; 1a;MiP;B6;samovar;samovar;samovar;;;
самолет;самолёт;;=;MiP;L20;airplane;fly, flyvemaskine;fly;;;
самый;са́мый;; 1a;MiP;L11;most, superlative form for adjectives;højeste grad af adjektiv;høyeste grad av adjektiv;;;
свадьба;сва́дьба;n; 1*a;MiP;L20;wedding;bryllup;bryllup;;;
свидание;свида́ние;n; 7a;MiP;L2;meeting;møde;møte;;;
свитер;сви́тер;; 1a;MiP;L11;sweater;sweater;genser;;;
свобода;свобо́да;n; 1a;MiP;L11;freedom;frihed;frihet;;;
свободный;свобо́дный;; 1*a;MiP;L1;free, unmarried;fri;fri;;;
свой;свой;det; 6b;MiP;L4;own;egen, eget;egen, eget;;;
свой;свой;det; 6b;MiP;L4;one’s own;sin;sin;;;
сделать;сде́лать;v; 1a;MiP;L1;do, make;gøre, lave;gjøre, lage;;де́лать;
себя;себя́;prn;=;MiP;L12;self;sig selv;seg selv;;;
север;се́вер;n; 1c(1);MiP;L16;north;nord, norden;nord, norden;;;
сегодня;сего́дня;adv;0;MiP;L2;today;i dag;i dag;;;
седьмой;седьмо́й;det; 1b;MiP;L16;seventh;syvende;sjuende;;;
сейф;сейф;n; 1a;MiP;B6;safe;pengeskab;pengeskap;;;
сейчас;сейча́с;adv;=;MiP;L1;now;nu;nå;;;
секрет;секре́т;n; 1a;MiP;L7;secret;hemmelighed;hemmelighet;;;
секретарь;секрета́рь;n; 2b;MiP;L9;secretary;sekretær;sekretær;;;
секунда;секу́нда;n; 1a;MiP;L18;second;sekund;sekund;;;
семейный;семе́йный;; 1*a;MiP;B9;family related;familierelatered;familierelatert;;;
семь;семь;num;=;MiP;L1;seven;syv;sju;;;
семья;семья́;n; 6*d^;MiP;B5;family;familie;familie;;;
сентябрь;сентя́брь;n; 2b;MiP;L13;September;september;september;;;
сердечный;серде́чный;; 1*a;MiP;L21;cordial;hjertelig;hjertelig;;;
сериал;сериа́л;; ??;MiP;L1;tv series;serie;serie;;;
серьезно;серьёзно;adv;=;MiP;L6;seriously;alvorligt;alvorlig;;;
сестра;сестра́;n; 1*d^;MiP;B4;sister;søster;søster;;;
сесть;сесть;v; 7a;MiP;L16;sit down;sætte sig;sette seg;;сади́ться;
сидеть;сиде́ть;v; 5b^;MiP;L4;sit;sidde;sitte;;;
сила;си́ла;n; 1a;MiP;L21;strength, force;kraft;kraft;;;
симпатичный;симпати́чный;; 1*a;MiP;L5;nice;sympatisk, sød;sympatisk, søt;;;
симфонический;симфони́ческий;; 3aX~;MiP;L16;symphony;symfonisk;symfonisk;;;
симфония;симфо́ния;; 7a;MiP;L16;symphony;symfoni;symfoni;;;
синий;си́ний;; 2a/c;MiP;B8;dark blue;mørkeblå;mørkeblå;;;
сказать;сказа́ть;v; 6c;MiP;L8;say;sige;si;;говори́ть;
сказка;ска́зка;n; 3*a;MiP;L5;fairy tale;eventyr;eventyr;;;
сколько;ско́лько;prn;=;MiP;L11;how many, how much;hvor meget, hvor mange;hvor mye, hvor mange;;;
скоро;ско́ро;adv;=;MiP;L3;soon;snart;snart;;;
скрипка;скри́пка;; 3*a;MiP;L1;violin;violin;fiolin;;;
скучно;ску́чно;adv;=;MiP;;boring;kedeligt;kjedelig;;;
скучный;ску́чный;; 1*a/c';MiP;L12;boring;kedelig;kjedelig;;;
слева;сле́ва;adv;=;MiP;B2;on the left;til venstre;til venstre;;;
следующий;сле́дующий;v; 4a;MiP;L16;next;følgende;følgende;;;
слишком;сли́шком;adv;=;MiP;;too;alt for;altfor;;;
слишком;сли́шком;adv;=;MiP;;too much;for, alt for;for, altfor;;;
слово;сло́во;n; 1c;MiP;L20;word;ord;ord;;;
сломаться;слома́ться;; 1a;MiP;L20;break;gå i stykker;gå i stykker;;лома́ться;
слушать;слу́шать;v; 1a;MiP;L4;listen;høre på, lytte til;høre på, lytte til;;;
слышать;слы́шать;v; 5a;MiP;L18;hear;høre;høre;;услы́шать;
смеяться;смея́ться;v; 6b;MiP;L14;laugh;le;le;;;
смотреть;смотре́ть;v; 5c;MiP;L1;look, watch;kigge på;kikke;;посмотре́ть;
смочь;смочь;v; 8c/b;MiP;L4;be able;kunne;kunne;;мочь;
сначала;снача́ла;adv;=;MiP;L5;first;først;først;;;
снег;снег;n; 3c(1);MiP;L17;snow;sne;snø;;;
собака;соба́ка;n; 3a;MiP;B1;dog;hund;hund;;;
собирать;собира́ть;v; 1a;MiP;L18;collect;samle;samle;;собра́ть;
собрать;собра́ть;v; 6°b/c;MiP;L18;collect;samle;samle;;собира́ть;
советский;сове́тский;adj; 3aX~;MiP;L11;Soviet;sovjetisk;sovjetisk;;;
совсем;совсе́м;adv;=;MiP;L2;completely;ganske;helt, fullstendig;;;
сожаление;сожале́ние;n; 7a;MiP;;pity;beklagelse;beklagelse;;;
сок;сок;n; 3a;MiP;L3;juice;saft, juice;saft, jus;;;
соленый;солёный;;=;MiP;L12;salted;saltet;saltet;;;
солист;соли́ст;; ??;MiP;L15;soloist;solist;solist;;;
солнце;со́лнце;n; 5a;MiP;L17;sun;sol;sol;;;
сон;сон;n; 1*b;MiP;L18;dream, sleep;drøm, søvn;drøm, søvn;;;
сосед;сосе́д;n; 1a^;MiP;L2;neighbor;nabo;nabo;;;
спальня;спа́льня;n; 2*a;MiP;L10;bedroom;soveværelse;soverom;;;
спасать;спаса́ть;v; 1a;MiP;L18;save;redde;redde;;спасти́;
спасибо;спаси́бо;;=;MiP;L2;thank you;tak;takk;;;
спасти;спасти́;v; 7b/b;MiP;L18;save;redde;redde;;спаса́ть;
спать;спать;v; 5b/c;MiP;L6;sleep;sove;sove;;;
спеть;спеть;;=;MiP;L21;sing;synge;synge;;петь;
спешить;спеши́ть;v;=;MiP;;hurry;have travlt;forte seg;;;
список;спи́сок;n; 3*a;MiP;L8;list;huskeseddel;liste;;;
спорить;спо́рить;v; 4a;MiP;L10;argue;diskutere;diskutere;;поспо́рить;
спортивный;спорти́вный;; 1*a;MiP;L3;sport;sportsrelatered;sportsrelatert;;;
справа;спра́ва;n; 1a;MiP;B2;on the right;til højre;til høyre;;;
спрашивать;спра́шивать;v; 1a;MiP;L16;ask;spørge;spørre;;спроси́ть;
спросить;спроси́ть;v; 4c;MiP;L16;ask;spørge;spørre;;спра́шивать;
сразу;сра́зу;adv;=;MiP;L8;immediately;straks;straks;;;
среда;среда́;n;=;MiP;L9;Wednesday;onsdag;onsdag;;;
ссориться;ссо́риться;; 4a;MiP;L21;argue;blive uvenner;krangle;;поссо́риться;
стадион;стадио́н;; 1a;MiP;L1;stadium;stadion;stadion;;;
стакан;стака́н;n; 1a;MiP;B6;glass;glas;glass;;;
становиться;станови́ться;;=;MiP;L16;become;blive;bli;;;
станция;ста́нция;n; 7a;MiP;L17;station;station;stasjon;;;
старый;ста́рый;adj; 1a/c";MiP;L4;old;gammel;gammel;;;
стать;стать;v;=;MiP;L16;become;blive;bli;;;
стереосистема;стереосисте́ма;; ??;MiP;B9;stereosystem;stereoanlæg;stereoanlegg;;;
стихи;стихи́;n;=;MiP;L21;poem;digt;dikt;;;
стоить;сто́ить;v; 4a;MiP;L8;cost;koste;koste;;;
стол;стол;n; 1b;MiP;B2;table, desk;bord;bord;;;
столик;сто́лик;n; 3a;MiP;L7;small table, stand;lite bord, sofabord;lite bord, salongbord;;;
стоять;стоя́ть;v; 5b;MiP;L2;stand;stå;stå;;;
студентка;студе́нтка;; 3*a;MiP;L1;female student;studerende kvinde;kvinnelig student;;;
стул;стул;n;=;MiP;B2;chair;stol;stol;;;
суббота;суббо́та;n; 1a;MiP;L9;Saturday;lørdag;lørdag;;;
суда;суда́;n;=;MiP;L11;to here;herhen;hit;;;
сумка;су́мка;n; 3*a;MiP;L2;purse, bag;taske;veske;;;
супермаркет;суперма́ркет;; 1a;MiP;L6;supermarket;supermarked;supermarked;;;
сухой;сухо́й;; 3b/c';MiP;L7;dry;tør;tørr;;;
сфотографировать;сфотографи́ровать;; 2a;MiP;L7;photograph;fotografere;fotografere;;фотографи́ровать;
сфотографироваться;сфотографи́роваться;; 2a;MiP;L21;be photographed;blive fotograferet;bli fotografert;;фотографи́роваться;
счастливый;счастли́вый;adj; 1a;MiP;L18;happy;lykkelig;lykkelig;;;
счастье;сча́стье;n; 6*a;MiP;L20;happiness;lykke;lykke;;;
счет;счёт;;=;MiP;L19;bill, check;regning;regning;;;
съесть;съесть;v; ^b;MiP;L8;eat;spise;spise;;есть;
сыграть;сыгра́ть;v; 1a;MiP;L1;play;lege, spille;leke, spille;;игра́ть;
сын;сын;n;=;MiP;B5;son;søn;sønn;;;
сыр;сыр;; 1c;MiP;L4;cheese;ost;ost;;;
так;так;adv;=;MiP;L1;that way;så, sådan;slik;;;
такой;тако́й;prn; 3b;MiP;;such a;så, sådan;slik;;;
там;там;adv;=;MiP;B1;there;der;der;;;
таможня;тамо́жня;; 2*a;MiP;L20;customs;told;toll;;;
танцевать;танцева́ть;v; 2a;MiP;L15;dance;danse;danse;;;
тарелка;таре́лка;n; 3*a;MiP;B6;plate;tallerken;tallerken;;;
твой;твой;det; 6b;MiP;B9;your;din;din;;;
телевизор;телеви́зор;n; 1a;MiP;B6;television;fjernsynsapparat;TV;;;
телефон;телефо́н;n; 1a;MiP;B6;telephone;telefon;telefon;;;
тема;те́ма;n; 1a;MiP;L16;topic;tema;tema;;;
темно;темно́;adv;=;MiP;L14;dark;mørkt;mørkt;;;
темный;тёмный;; 1*a/b;MiP;L14;dark;mørk;mørk;;;
темпераментный;темпера́ментный;; 1*a;MiP;L19;tempermental;temperamentsfuld;temperamentsfull;;;
температура;температу́ра;n; 1a;MiP;L5;temperature, fever;temperatur, feber;temperatur, feber;;;
теннис;те́ннис;; 1a;MiP;L9;tennis;tennis;tennis;;;
теперь;тепе́рь;adv;=;MiP;L7;now;nu;nå;;;
тепло;тепло́;n; 1b-;MiP;L12;warm;varmt;varmt;;;
теплый;тёплый;; 1*a/b;MiP;L11;warm;varm;varm;;;
тетя;тётя;; 2a;MiP;B9;aunt;tante;tante;;;
тихо;ти́хо;adv;=;MiP;L6;quietly;stille;stille;;;
тогда;тогда́;adv;=;MiP;L6;then;da, så, dengang;da, så, den gang;;;
тоже;то́же;adv;=;MiP;B5;also;også;også;;;
только;то́лько;adv;=;MiP;L1;only;bare, kun;bare, kun;;;
тост;тост;; ??;MiP;L11;toast, speech;skål;skål;;;
тот;тот;det; 1a;MiP;L11;that;den, det;den, det;;;
точно;то́чно;adv;=;MiP;;exactly, precisely;præcist, bestemt;presis, akkurat;;;
трактор;тра́ктор;n;=;MiP;B9;tractor;traktor;traktor;;;
тратить;тра́тить;v; 4a;MiP;L19;spend;bruge penge, tid;bruke penger, tid;;потра́тить;
троллейбус;тролле́йбус;; 1a;MiP;L16;trolleybus;trolleybus;trolleybuss;;;
трудный;тру́дный;; 1*a/c';MiP;L10;difficult;svær;vanskelig;;;
туалет;туале́т;n; 1a;MiP;L10;toilet;toilet;toalett;;;
туда;туда́;adv;=;MiP;L16;to there;derhen;dit;;;
ты;ты;prn;=;MiP;B7;you;du;du;;;
тысяча;ты́сяча;num; 4a;MiP;L11;thousand;tusinde;tusen;;;
тяжело;тяжело́;adv;=;MiP;L13;difficult, hard;tungt, hårdt;tungt, vanskelig;;;
тяжелый;тяжёлый;; 1a/b;MiP;L13;difficult;tung;tung, vanskelig;;;
у;у;pr;=;MiP;L2;by, near, at;hos;hos;;;
увидеть;уви́деть;v; 5a;MiP;L7;see;se, få øje på;se, få øye på;;ви́деть;
увидеться;уви́деться;; 5a;MiP;;be seen;ses;ses;;ви́деться;
удовольствие;удово́льствие;n; 7a;MiP;L2;satisfaction;fornøjelse;fornøyelse;;;
уезжать;уезжа́ть;v; 1a;MiP;;depart riding;køre væk;kjøre bort;;уе́хать;
уехать;уе́хать;v; ^a;MiP;;depart riding;køre væk;kjøre bort;;уезжа́ть;
ужас;у́жас;n; 1a;MiP;L16;horror;rædsel;gru, redsel;;;
уже;уже́;adv;=;MiP;B7;already;allerede;allerede;;;
ужин;у́жин;n; 1a;MiP;L7;dinner;aftensmad;middag;;;
ужинать;у́жинать;;=;MiP;B6;eat dinner;spise aftensmad;spise middag;;поу́жинать;
уйти;уйти́;v; ^b/b(9);MiP;L15;walk away;gå væk;gå vekk;;уходи́ть;
улица;у́лица;n; 5a;MiP;B4;street;gade;gate;;;
улыбаться;улыба́ться;v; 1a;MiP;L19;smile;smile;smile;;улыбну́ться;
улыбнуться;улыбну́ться;v; 3b;MiP;L19;smile;smile;smile;;улыба́ться;
умереть;умере́ть;v; 9*b/c(1);MiP;;die;dø;dø;;умира́ть;
умирать;умира́ть;v; 1a;MiP;;die;dø;dø;;умере́ть;
умный;у́мный;; 1*a/b;MiP;L10;smart;klog;klok;;;
университет;университе́т;n; 1a;MiP;L1;university;universitet;universitet;;;
ура;ура́;ij;=;MiP;L13;hooray;hurra;hurra;;;
урок;уро́к;n; 3a;MiP;L3;lesson;time, lektion;time, leksjon;;;
услышать;услы́шать;v; 5a;MiP;L18;hear;høre;høre;;слы́шать;
успех;успе́х;n; 3a;MiP;L21;success;held;hell;;;
уставать;устава́ть;; 13b;MiP;L15;get tired;blive træt;bli trett;;уста́ть;
устать;уста́ть;v; 15a;MiP;L15;get tired;blive træt;bli trett;;устава́ть;
утро;у́тро;n; 1a^;MiP;L9;morning;morgen;morgen;;;
утром;у́тром;n;=;MiP;L3;in the morning;om morgenen, i morges;om morgenen, i morges;;;
уходить;уходи́ть;v;=;MiP;L15;walk away;gå væk;gå vekk;;уйти́;
ученик;учени́к;n; 3b;MiP;L12;pupil;elev;elev;;;
ученица;учени́ца;; 5a;MiP;L12;pupil;elev;elev;;;
учительница;учи́тельница;n; 5a;MiP;B5;female teacher;lærerinde;lærerinne;;;
учиться;учи́ться;v; 4c;MiP;L14;study, learn;gå i skole, studere;gå på skole, studere;;;
уютно;ую́тно;;=;MiP;L18;comfortably;hyggeligt;koselig;;;
фабрика;фа́брика;n; 3a;MiP;L15;factory;fabrik;fabrikk;;;
факс;факс;; ??;MiP;B6;fax;fax;faks;;;
фамилия;фами́лия;n; 7a;MiP;L2;last name;efternavn;etternavn;;;
февраль;февра́ль;n; 2b;MiP;L17;February;februar;februar;;;
филиал;филиа́л;; 1a;MiP;L11;branch office;filial;filial;;;
фильм;фильм;n; 1a;MiP;L1;film;film;film;;;
финский;фи́нский;adj; 3aX~;MiP;L2;Finnish;finsk;finsk;;;
фирма;фи́рма;n;=;MiP;B6;company;firma;firma;;;
флаг;флаг;n; 3a;MiP;B6;flag;flag;flagg;;;
форма;фо́рма;n; 1a;MiP;L20;uniform;uniform;uniform;;;
фортепиано;фортепиа́но;;0;MiP;L15;piano;klaver;klaver;;;
фотоальбом;фотоальбо́м;;=;MiP;B9;photoalbum;fotoalbum;fotoalbum;;;
фотограф;фото́граф;; 1a;MiP;L7;photographer;fotograf;fotograf;;;
фотографировать;фотографи́ровать;; 2a;MiP;L7;photograph;fotografere;fotografere;;сфотографи́ровать;
фотографироваться;фотографи́роваться;; 2a;MiP;L21;be photographed;blive fotograferet;bli fotografert;;сфотографи́роваться;
фотография;фотогра́фия;n; 7a;MiP;B9;photograph;fotografi;fotografi;;;
фотомодель;фотомоде́ль;; 8a;MiP;L1;photomodel;fotomodel;fotomodell;;;
фронт;фронт;n; 1c;MiP;L11;war front;front;front;;;
фрукт;фрукт;n; 1a;MiP;B7;fruit;frugt;frukt;;;
футбол;футбо́л;; 1a;MiP;L1;soccer, football;fodbold;fotball;;;
хватать;хвата́ть;v;=;MiP;L21;be sufficient;være tilstrækkelig;være tilstrekkelig;;хвати́ть;
хватить;хвати́ть;;=;MiP;L21;be sufficient;være tilstrækkelig;være tilstrekkelig;;хвата́ть;
хлеб;хлеб;n;=;MiP;B7;bread;brød;brød;;;
ходить;ходи́ть;v; 4c;MiP;L10;walk;gå;gå;;;идти́
холодильник;холоди́льник;n; 3a;MiP;L12;refrigerator;køleskab;kjøleskap;;;
холоднее;холодне́е;;=;MiP;L18;colder;koldere;kaldere;;;
холодно;хо́лодно;adv;=;MiP;L12;cold;koldt;kaldt;;;
холодный;холо́дный;; 1*a/c'^;MiP;L12;cold;kold;kald;;;
хороший;хоро́ший;adj; 4a/b;MiP;B9;good;god;god;;;
хорошо;хорошо́;adv;=;MiP;L2;well, good;godt, rart;godt;;;
хотеть;хоте́ть;vbmod; 5c'^;MiP;L4;want;ville gerne;ville, ønske;;;
цветок;цвето́к;n;=;MiP;L21;flower;blomst;blomst;;;
целовать;целова́ть;v; 2a;MiP;L12;kiss;kysse;kysse;;поцелова́ть;
цена;цена́;n; 1d';MiP;L20;price;pris;pris;;;
центр;центр;n; 1a;MiP;L3;downtown;centrum;sentrum;;;
церемония;церемо́ния;; 7a;MiP;L21;ceremony;ceremoni;seremoni;;;
цирк;цирк;n; 3a;MiP;B4;circus;cirkus;sirkus;;;
чай;чай;n; 6c;MiP;B7;tea;te;te;;;
чайник;ча́йник;n;=;MiP;B6;teapot;tepotte;tekanne;;;
час;час;n; 1c;MiP;;hour;time;time;;;
часто;ча́сто;adv;=;MiP;L8;often;tit, ofte;ofte;;;
часы;часы́;n; 1b;MiP;L9;clock, watch;ur;klokke, ur;;;
чашка;ча́шка;n; 3*a;MiP;B6;cup;kop;kopp;;;
чек;чек;; 3a;MiP;L8;check;check, kassebon;sjekk;;;
человек;челове́к;n; 3a;MiP;L11;person;menneske, person;menneske, person;;;
чем;чем;prn;=;MiP;L20;than;end;enn;;;
чемодан;чемода́н;n; 1a;MiP;L20;suitcase;kuffert;koffert;;;
через;че́рез;pr;=;MiP;L13;across, through, in;gennem, om;gjennom, om;;;
черный;чёрный;; 1*a/b;MiP;L6;black;sort;svart;;;
черт;чёрт;n;=;MiP;L9;devil;fanden;fanden;;;
четверг;четве́рг;n; 3b;MiP;L9;Thursday;torsdag;torsdag;;;
четыре;четы́ре;num;=;MiP;L1;four;fire;fire;;;
читать;чита́ть;v; 1a;MiP;L9;read;læse;lese;;прочита́ть;
что;что;cnjsub;=;MiP;L3;that;at;at;;;
что;что;cnjsub;=;MiP;B6;what, that;hvad, at;hva, at;;;
что-нибудь;что́-нибудь;cnjsub;=;MiP;L19;something;et eller andet;et eller annet;;;
что-то;что́-то;cnjsub;=;MiP;L19;something;et eller andet;et eller annet;;;
чувство;чу́вство;n; 1a;MiP;L19;feeling;følelse;følelse;;;
чувствовать;чу́вствовать;v; 2a;MiP;L19;feel;føle;føle;;почу́вствовать;
шампанское;шампа́нское;adj; 3a;MiP;B9;champagne;champagne;sjampanje;;;
шапка;ша́пка;n; 3*a;MiP;L14;hat;hat;hatt;;;
шарф;шарф;; 1a;MiP;L11;scarf;halstørklæde;skjerf;;;
шесть;шесть;num;=;MiP;L1;six;seks;seks;;;
шеф;шеф;n; 1a;MiP;L6;boss;chef;sjef;;;
широкий;широ́кий;; 3a/c";MiP;L21;wide;bred;bred;;;
школа;шко́ла;n; 1a;MiP;B3;school;skole;skole;;;
школьница;шко́льница;; 5a;MiP;L1;schoolgirl;skolepige;skolepike;;;
шоколад;шокола́д;; 1a;MiP;L4;chocolate;chokolade;sjokolade;;;
шофер;шофёр;;=;MiP;L7;chauffeur;chauffør;sjåfør;;;
экзамен;экза́мен;n; 1a;MiP;L3;exam;eksamen;eksamen;;;
экспорт;э́кспорт;; 1a;MiP;B6;export;eksport;eksport;;;
элегантный;элега́нтный;; 1*a;MiP;L9;elegant;elegant;elegant;;;
электричка;электри́чка;; 3*a;MiP;;commuter train;lokaltog;lokaltog;;;
этаж;эта́ж;n; 4b;MiP;L4;storey, floor;etage;etasje;;;
это;э́то;prn;=;MiP;B1;this;dette;dette;;;
этот;э́тот;det; 1a;MiP;L5;this;denne;denne;;;
юридический;юриди́ческий;adj; 3aX~;MiP;L3;legal;juridisk;juridisk;;;
я;я;prn;=;MiP;B2;I;jeg;jeg;;;
язык;язы́к;n; 3b;MiP;L5;language;sprog;språk;;;
ящик;я́щик;n; 3a;MiP;L15;box;æske;eske;;;
