aeg|N|time|время|Zeit|aika|1
aga|CS|but|а|aber|mutta|1
aga sinul?|MWE|and you?|а у тебя?|und du/dir?|entäs sinulle?|1
aitäh|Interj|thank you|спасибо|danke|kiitos|1
armastama|V|to love|любить|lieben|rakastaa|1
asuma|V|to be situated|находиться|sich befinden|sijaita|1
Eesti|Attr|Estonia|Эстония|Estland|Viro, Eesti|1
Eesti|N|Estonia|Эстония|Estland|Viro, Eesti|1
ei|Adv|no|нет|nein|ei|1
elama|V|to live|жить|leben|asua|1
harjutus|N|exercise|упражнение|Übung|harjoitus|1
hea|A|good|хороший|gut|hyvä|1
head aega!|MWE|goodbye!|до свидания!|auf Wiedersehen!|näkemiin!|1
head päeva!|MWE|have a good day!|всего доброго!|schönen Tag!|hyvää päivän jatkoa!|1
head õhtut!|MWE|have a good evening!|всего доброго!|guten Abend!|hyvää illan jatkoa!|1
head ööd!|MWE|good night!|спокойной ночи!|gute Nacht!|hyvää yötä!|1
hommik|N|morning|утро|Morgen|aamu|1
homseni|Adv|till tomorrow|до завтра!|bis morgen!|huomiseen|1
hästi|Adv|well|хорошо|gut|hyvin|1
Ida-Eesti|N|Eastern Estonia|Восточная Эстония|Ostestland|Itä Viro|1
ilus|A|beautiful|красивый|schön|kaunis|1
ja|CC|and|и|und|ja, sekä|1
jaa|Interj|yes|да|ja|kyllä|1
jah|Interj|yes|да|ja|kyllä|1
jah|Adv|yes|да|ja|kyllä|1
jalg|N|foot, leg|нога|Fuß, Bein|jalka|1
järv|N|lake|озеро|See|järvi|1
ka|Adv|also|тоже, также, и|auch|myöskin|1
kaart|N|map, card|карта, открытка|Karte, Landkarte|kartta|1
Kas tõesti?|MWE|Really?|Неужели? Разве?|echt? wirklich?|Todellako?|1
kas?|Adv|question word, yes/no question word|ли|Fragewort, ja/nein Fragewort|-ko,-kö, joko|1
kes?|Pron|who?|кто?|wer?|kuka? ketkä?|1
Kuidas läheb?|MWE|How is it going? How are you?|Как дела? Как идут дела?|Wie geht’s?|Mitä kuuluu? Miten voit?|1
kus?|Adv|where?|где?|wo? worin?|missä?|1
kuu|N|moon, month|луна|Mond, Monat|kuukausi|1
kõrv|N|ear|ухо|Ohr|korva|1|BODYPART
käsi|N|hand|рука|Hand|käsi|1|BODYPART
lai|A|wide|широкий|breit|leveä, laaja|1
linn|N|town|город|Stadt|kaupunki|1
Lõuna-Eesti|N|Southern Estonia|Южная Эстония|Südestland|Etelä Viro|1
Lääne-Eesti|N|Western Estonia|Западная Эстония|Westestland|Länsi Viro|1
maa|N|country, land|страна, земля|Land|maa|1
maakond|N|county|уезд|Landkreis|maakunta|1
meie oleme|MWE|we are|мы (есть), мы|wir sind|me olemme|1
me oleme|MWE|we are|мы (есть), мы|wir sind|me olemme|1
mina olen|MWE|I am|я (есть), я|ich bin|minä olen|1
ma olen|MWE|I am|я (есть), я|ich bin|minä olen|1
minu nimi ei ole|MWE|my name is not|моё имя не|ich heiße nicht|minun nimeni ei ole|1
minu nimi on|MWE|my name is|меня зовут|ich heiße|minun nimeni on|1
mis?|Pron|what?|что?|was?|mikä|1
nagu|Adv|like|как, будто|wie|niinkuin|1
nemad on|MWE|they are|они (есть), они|sie sind|he ovat|1
nad on|MWE|they are|они (есть), они|sie sind|he ovat|1
nende nimi|MWE|their name|их имя|ihr Name|heidän nimi|1
nina|N|nose|нос|Nase|nenä|1|BODYPART
nimi|N|name|имя|Name|nimi|1
nägemist|Interj|see you|до свидания!|auf Wiedersehen!|näkemiin|1
nägemiseni|Interj|see you|до свидания!|auf Wiedersehen!|näkemiin|1
nägu|N|face|лицо|Gesicht|kasvot|1|BODYPART
näopilt|N|portrait|портрет|Porträt, Bildnis|potretti, kasvokuva|1
olema|V|to be|быть, находиться|sein (Verb), sein|olla|1
palun|Interj|please|пожалуйста|bitte, bitte schön|ole hyvä, olkaa hyvä|1
parem|Adv|right|правый|rechter|oikea|1
parem|A|right|правый|rechter|oikea|1
pea|Adv|head|голова|Kopf|pää|1|BODYPART
pea|N|head|голова|Kopf|pää|1|BODYPART
pealinn|N|capital city|столица|Hauptstadt|pääkaupunki|1
poiss|N|boy|мальчик|Junge, Knabe|poika|1|FAMILY
pole viga|MWE|not bad|ничего|nicht schlecht|ei moittimista|1
praegu|Adv|now|сейчас, теперь|jetzt, zur Zeit|nyt, tällä hetkellä|1
Põhja-Eesti|N|Northern Estonia|Северная Эстония|Nordestland|Pohjois Viro|1
päev|N|day|день|Tag|päivä|1
päike|N|sun|солнце|Sonne|aurinko|1
see|Pron|this|этот, это, эта|das, dieser|tämä, se|1
siin|Adv|here|здесь|hier|tässä, täällä|1
siin|N|here|здесь|hier|tässä, täällä|1
siis|Adv|then|тогда|dann|sitten,silloin|1
silm|N|eye|глаз|Auge|silmä|1
sina oled|MWE|you are|ты (есть), ты|du bist|sinä olet|1
sa oled|MWE|you are|ты (есть), ты|du bist|sinä olet|1
sinu nimi|MWE|your name|тебя зовут|dein Name|sinun nimi|1
su nimi|MWE|your name|тебя зовут|dein Name|sinun nimi|1
suu|N|mouth|рот|Mund|suu|1
taevas|N|sky|небо|Himmel|taivas|1
tark|A|smart|умный|klug, weise|viisas, älykäs|1
teie olete|MWE|you are|вы (есть), вы|ihr seid|te olette|1
te olete|MWE|you are|вы (есть), вы|ihr seid|te olette|1
tema nimi|MWE|his name, her name|его имя, её имя|sein Name, ihr Name|hänen nimi|1
ta nimi|MWE|his name, her name|его имя, её имя|sein Name, ihr Name|hänen nimi|1
tema on|MWE|s/he is, she is, he is|он, она, он (есть)|er/sie/es ist, er ist, sie ist, es ist|hän on|1
ta on|MWE|s/he is, she is, he is|он (есть) он, она|er/sie/es ist, er ist, sie ist, es ist|hän on|1
tere hommikust!|MWE|good morning!|доброе утро!|guten Morgen!|hyvää huomenta!|1
tere päevast!|MWE|good afternoon!|добрый день!|guten Tag!|hyvää päivää!|1
tere õhtust!|MWE|good evening!|добрый вечер!|guten Abend!|hyvää iltaa!|1
tere!|Interj|hello|здравствуй, здравствуйте привет!|hallo, guten Tag!|hei, terve, moi!|1
tervist!|Interj|hello|здравствуй, здравствуйте, привет!|hallo, guten Tag!|hei, terve, moi!|1
tubli|A|good (at smth), good|хороший, отличный|schlau, gescheit|hyvä, kelpo, kunnon|1
tõesti|Adv|really|действительно|wirklich|todella, tosiaan|1
tüdruk|N|girl|девочка|Mädchen|tyttö|1|FAMILY
vabandust|Interj|sorry|извини, извините|Entschuldigung!|anteeksi|1
vana|A|old|старый, старинный|alt|vanha|1
vasak|A|left|левый|links|vasen|1
väga|Adv|very|очень|sehr|erittäin|1
väga meeldiv|MWE|very nice|очень приятно|sehr erfreut!|erittäin miellyttävä|1
väike|A|small, little|маленький|klein|pieni|1
õhtu|N|evening|вечер|Abend|ilta|1
öelge!|X|tell me|скажите|sagen Sie! sagt!|kerro minulle!|3
öö|N|night|ночь|Nacht|yö|1
ümar|A|round|круглый|rund|pyöreä|1
aeglasemalt|Adv|more slowly|медленнее|langsamer|hitaammin|2
ainult|Adv|only|только|nur|ainoa|2
aru saama|MWE|to understand|понимать|verstehen|ymmärtää, käsittää|2
eestlane|N|Estonian|эстонец, эстонка|Este|virolainen|2
ema|N|mother|мама, мать|Mutter|äiti|2|FAMILY
emakeel|N|mother tongue|родной язык|Muttersprache|äidinkieli|2
grammatika|N|grammar|грамматика|Grammatik|kielioppi|2
Hiina|N|China|Китай|China|Kiina|2
hiinlane|N|Chinese|китаец, китаянка|Chinese|kiinalainen|2
Hispaania|N|Spain|Испания|Spanien|Espanja|2
hispaanlane|N|Spaniard|испанец, испанка|Spanier|espanjalainen|2
iga|Pron|every|каждый|jede|joka|2
Inglismaa|N|England|Англия|England|Englanti|2
inglane|N|Englishman|англичанин, англичанка|Engländer|englantilainen|2
inimene|N|person|человек|Mensch, Person|ihminen|2
isa|N|father|папа, отец|Vater|isä|2|FAMILY
Itaalia|N|Italy|Италия|Italien|Italia|2
itaallane|N|Italian|итальянец, итальянка|Italiener|italialainen|2
juba|Adv|already|уже|schon|jo, -han, -hän|2
kahjuks|Adv|unfortunately|к сожалению|leider|valitettavasti|2
keel|N|language, tongue|язык|Sprache, Zunge|kieli|2
keeltekool|N|language school|языковая школа|Sprachschule|kielikoulu|2
kerge|N|easy|легкий|einfach, leicht|helppo|2
kerge|A|easy|легкий|einfach, leicht|helppo|2
kirjutama|V|to write|писать|schreiben|kirjoitaa|2
kodu|N|home|дом|Zuhause|koti|2
kool|N|school|школа|Schule|koulu|2
koolis|N|at school, in school|в школе|in der Schule|koulussa|2
kursusel|X|in the course|на курсах|im Kurs|kurssilla|2
kursusel|N|in the course|на курсах|im Kurs|kurssilla|2
kust?|Adv|from where?|откуда?|woher? woraus?|mistä?|2
Leedu|N|Lithuania|Литва|Litauen|Liettua|2
leedulane|N|Lithuanian|литовец, литовка|Litauer|liettualainen|2
lugema|V|to read|читать|lesen|lukea|2
luuletus|N|poem|стихотворение|Gedicht|runo|2
Läti|Attr|Latvia|Латвия|Lettland|Latvia|2
Läti| H|Latvia|Латвия|Lettland|Latvia|2
lätlane|N|Latvian|латыш, латышка|Lette|latvialainen|2
Läänemeri|N|Baltic Sea|Балтийское море|Ostsee|Itä meri|2
meil|N|e-mail|электронная почта|Email|sähköposti, e-mail|2
meri|N|sea|море|Meer|meri|2
mulle|X|to me|мне|mir|minulle|2
natuke|Adv|a little|немного|ein bisschen|vähän|2
nii|Adv|so|так|so|niin, näin, siten|2
Norra|Attr|Norway|Норвегия|Norwegen|Norja|2
Norra|N|Norway|Норвегия|Norwegen|Norja|2
norralane|N|Norwegian|норвежец, норвежка|Norweger|norjalainen|2
nüüd|Adv|now|сейчас|jetzt|nyt|2
olen õppinud|MWE|I have studied|я учился|ich habe studiert|olen oppinut|2
oma|Pron|one’s own|свой|eigene|oma|2
oskama|V|to be able to, can|уметь, владеть|können|osata, kyetä|2
pole|X|am not, is not, has not, have not|нет|nicht, ist nicht|ei ole|4
Poola|N|Poland|Польша|Polen|Puola|2
poolakas|N|Pole|поляк, полька|Pole|puolalainen|2
Prantsusmaa|N|France|Франция|Frankreich|Ranska|2
prantslane|N|Frenchman|француз, француженка|Franzose|ranskalainen|2
päris|Adv|quite|довольно|ziemlich|aika, melko|2
pärit olema|MWE|come from|быть родом|(her)kommen, herkommen, kommen|olla kotoisin|2
raamat|N|book|книга|Buch|kirja|2
rahvus|N|nationality|национальность|Nation|kansa|2
raske|A|difficult, heavy|трудный, тяжёлый|schwierig, schwer|vaikea, raskeas|2
riik|N|state, country|государство|Staat, Land|valtio|2
Rootsi|Attr|Sweden|Швеция|Schweden|Ruotsi|2
Rootsi|N|Sweden|Швеция|Schweden|Ruotsi|2
rootslane|N|Swede|швед, шведка|Schwede|ruotsalainen|2
rääkima|V|to speak|говорить|sprechen|puhua|2
Saksamaa|N|Germany|Германия|Deutschland|Saksa|2
sakslane|N|German|немец, немка|Deutscher|saksalainen|2
Soome|Attr|Finland|Финляндия|Finnland|Suomi|2
Soome|N|Finland|Финляндия|Finnland|Suomi|2
soomlane|N|Finn|финн, финка|Finne|suomalainen|2
suur|A|big|большой|groß|suuri|2
sõna|N|word|слово|Wort|sana|2
sündima|V|to be born|родиться|geboren sein|syntyä|2
Taani|Attr|Denmark|Дания|Dänemark|Tanska|2
Taani|N|Denmark|Дания|Dänemark|Tanska|2
taanlane|N|Dane|датчанин, датчанка|Däne|tanskalainen|2
tuttavaks saama|MWE|to get acquainted|познакомиться|sich kennenlernen|tutustua|2
Ungari|N|Hungary|Венгрия|Ungarn|Unkari|2
ungarlane|N|Hungarian|венгр, венгерка|Ungar|unkarilainen|2
vanaema|N|grandmother|бабушка|Großmutter|isoäiti|2
veel|Adv|else|ещё|noch|vielä|2
Venemaa|N|Russia|Россия|Russland|Venäjä|2
venelane|N|Russian|русский, русская|Russe|venäläinen|2
õpetaja|N|teacher|учитель, учительница|Lehrer|opettaja|2
õpetama|V|to teach|преподавать|lehren, unterrichten|opettaa|2
õpik|N|textbook|учебник|Lehrbuch|oppikirja|2
õpilane|N|student|ученик, ученица|Schüler|oppilas|2
õppima|V|to study|учиться, изучать|lernen, studieren|oppia|2
ääres|Adp|at|у|an, entlang|vieressä, äärellä|2
ülikool|N|university|университет|Universität|yliopisto|2
üliõpilane|N|university student|студент|Student|yliopiston opiskelija|2
aadress|N|address|адрес|Adresse|osoite|3|3
etteütlus||dictation|диктант|Diktat|sanelu|3
helistama|V|to call|звонить|anrufen|soittaa|3
homme|Adv|tomorrow|завтра|morgen|huomenna|3
härra|N|Mr.|господин|Herr|herra|3
kesklinn|N|city center|центр города|Stadtmitte|keskikaupunki|3
kivi|N|rock, stone|камень|Stein|kivi|3
konn|N|frog|лягушка|Frosch|sammakko|3
kord|Adv|time|раз|mal|kerta|3
kord|N|time|раз|mal|kerta|3
korter|N|apartment, flat|квартира|Wohnung|asunto|3
küsima|V|to ask a question|спрашивать|fragen|kysyä|3
lause|N|sentence|предложение|Satz|lause|3
lehekülg|N|page|страница|Seite|sivu|3
linnaosa|N|district|часть города, район|Stadtteil|kaupunginosa|3
lugupeetud| A|esteemed|уважаемый|geehrte, geehrter, verehrte, verehrter|arvoisa|3
läheb|X|goes|идёт|geht|lähtee|5
maantee|N|main road, highway|шоссе|Landstraße|maantie|3
maja|N|house|дом|Haus|talo|3
mark|N|stamp|марка|Briefmarke|postimerkki|3
muidugi|Adv|of course|конечно|natürlich|tietysti|3
mul on|MWE|I have|у меня|ich habe|minulla on|3
mulle|N|to me|мне|mir|minulle|3
mägi|N|mountain, hill|гора|Berg|mäki|3
null|N|zero|ноль|Null|nolla|3
number|N|number|номер|Nummer, Zahl|numero|3
peab|X|has to|должен, надо|muss|pitää, täytyy|5
proua|N|Mrs.|госпожа|Frau|rouva|3
puiestee|N|avenue, boulevard|бульвар|Allee|puistotie, bulevardi|3
saatma|V|to send|посылать|schicken, senden|lähettää|3
sadam|N|port, harbor|порт|Hafen|satama|3
sama|Pron|same|тот же самый|selbe|sama|3
selge|A|clear|ясный|klar|selvä, selkeä|3
supp|N|soup|суп|Suppe|keitto|3
tal on|MWE|he has, she has|у него|er hat, sie hat, es hat|hänellä on|3
talle|N|to him, to her|ему|ihm, ihr|hänelle|3
tavaline|A|regular, usual|обычный|üblich, gewöhnlich|tavallinen|3
teadma|V|to know|знать|wissen|tietää|3
tee|N|road|дорога|Weg|tie|3
telefon|N|telephone|телефон|Telefon|puhelin|3
täht|N|letter, star|буква, звезда|Buchstabe, Stern|kirjain, tähti|3
tänav|N|street|улица|Straße|katu|3
töötama|V|to work|работать|arbeiten|työskennellä|3
umbes|Adv|about|примерно, около|etwa, ungefähr|noin, suunnilleen|3
uus|A|new|новый|neu|uusi|3
vabandama|V|to pardon|извиняться|entschuldigen|pyytää anteeksi|3vale|wrong|ложь, неправда|falsch|väärä|3
vald|N|rural municipality|волость|Gemeinde, Bezirk|kunta, maalaiskunta|3
vastama|V|to answer|отвечать|antworten|vastata|3
vastus|N|answer|ответ|Antwort|vastaus|3
õige|Adv|right, correct|правильно, верно|richtig|oikea|3
õige|A|right, correct|правильно, верно|richtig|oikea|3
ümbrik|N|envelope|конверт|Umschlag|kirjekuori|3
ütlema|V|to say|сказать|sagen|sanoa|3
abielus|A|married|женат|verheiratet|naimisissa|4
ainsus|N|singular|единственное число|Singular|yksikkö, singulaari|4
armastus|N|love|любовь|Liebe|rakkaus|4
arvama|V|to think|думать, считать|denken, meinen|ajatella, luulla|4
auto|N|car|машина|Auto|auto|4
eriti|Adv|especially|особенно|besonders|erittäin|4
hall|N|grey|серый|grau|harmaa|4
hall|A|grey|серый|grau|harmaa|4
hele|A|light|светлый|hell|vaalea|4
istuma|V|to sit|сидеть|sitzen|istua|4
jalgade peal|MWE|on one’s feet|на ногах|auf den Beinen|jaloilleen|4
jalgratas|N|bicycle, bike|велосипед|Fahrrad|polkupyörä|4
jälle|Adv|again|опять|wieder, nochmals|taas, jälleen|4
järv|N|lake|озеро|See|järvi|4
kass|N|cat|кот, кошка|Katze|kissa|4|ANIMAL_PET
kellel on?|MWE|who has?|у кого есть?|wer hat?|kenellä on?|4
kellele meeldib?|MWE|who likes?|кому нравится?|wer mag? wem gefällt?|kuka pitää?|4
koer|N|dog|собака|Hund|koira|4|ANIMAL_PET
kollane|A|yellow|жёлтый|gelb|keltainen|4
kott|N|bag|сумка, мешок|Tasche, Tüte, Beutel|kassi, laukku|4
kõndima|V|to walk|ходить, шагать|spazieren, zu Fuß gehen|kävellä|4
küll|Adv|indeed|да|tatsächlich, doch|kyllä, -pas, -päs|4
laps|N|child|ребёнок|Kind|lapsi|4|FAMILY
laud|N|table|стол|Tisch|pöytä|4
lill|N|flower|цветок|Blume|kukka|4
loom|N|animal|зверь|Tier|eläin|4
luuletus|N|poem|стихотворение|Gedicht|runo|4
lühike|A|short|короткий|kurz|lyhyt|4
meeldima|V|to like|нравиться|mögen|pitää, tykätä|4
mees|N|man, husband|мужчина, муж|Mann|mies, aviomies|4|FAMILY
minul on|MWE|I have|у меня есть|ich habe|minulla on|4
mul on|MWE|I have|у меня есть|ich habe|minulla on|4
minule meeldib|MWE|I like|мне нравится|ich mag|minä pidän|4
mulle meeldib|MWE|I like|мне нравится|ich mag|minä pidän|4
mis?|Pron|what?|что?|was?|mikä|4
mitte eriti|MWE|not especially|не особенно|nicht besonders|ei erityisesti|4
mitmus|N|plural|множественное число|Plural|monikko, pluraali|4
mitu|Pron|several|несколько|mehrere|moni|4
mitu|Pron|several|несколько|mehrere|moni|4
muretsema|V|to worry|волноваться|sich sorgen|murehtia|4
must|A|black, dirty|чёрный, грязный|schwarz, schmutzig|musta|4
naine|N|woman, wife|женщина, жена|Frau|nainen, aviovaimo|4|FAMILY
nimetav|A|nominative|кто? что?|Nominativ|nominatiivi|4
omastav|A|genitive|кого? чего? чей?|Genitiv|genitiivi|4osastav|partitive|кого? что? чего?|Partitiv|partitiivi|4
pastakas|N|pen|шариковая ручка|Stift|kuulakärkikynä|4
peal|Adv|on|на|auf|päällä|4
pere|N|family|семья|Familie|perhe|4
pikk|A|long, tall|длинный, высокий|lang|pitkä|4
pliiats|N|pencil|карандаш|Bleistift|lyijykynä|4
poeg|N|son|сын|Sohn|poika|4|FAMILY
ei ole|MWE|am not, is not, has not, have not|нет|nicht, ist nicht|ei ole|4
pruun|A|brown|коричневый|braun|ruskea|4
punane|A|red|красный|rot|punainen|4
puu|N|tree, wood|дерево|Baum, Holz|puu|4
raamat|N|book|книга|Buch|kirja|4
roheline|A|green|зеленый|grün|vihreä|4
saba|N|tail|хвост|Schwanz|häntä|4
seisma|V|to stand|стоять|stehen|seisoa|4
sinine|A|blue|синий|blau|sininen|4
sõber|N|friend|друг|Freund|ystävä|4
sõbralik|A|friendly|дружелюбный|freundlich|ystävällinen|4
teine|Pron|other, another, second|второй, другой|anderer, zweiter|toinen|4
tool|N|chair|стул|Stuhl|tuoli|4
tume|A|dark|тёмный|dunkel|tumma|4
töö|N|work|работа|Arbeit|työ|4
tütar|N|daughter|дочь|Tochter|tytär|4|FAMILY
vaatama|V|to look at, watch|смотреть|schauen, anschauen|katsoa|4
valge|N|white|белый|weiß|valkoinen|4
valge|A|white|белый|weiß|valkoinen|4
vari|N|shadow|тень|Schatten|varjo|4
vend|N|brother|брат|Bruder|veli|4|FAMILY
vihik|N|notebook|тетрадь|Heft|vihko|4
või|CC|or|или|oder|tai|4
värv|N|color|цвет|Farbe|väri|4
õde|N|sister|сестра|Schwester|sisko|4|FAMILY
ära|Adv|don’t, don't...!|не|nicht… !|älä|4
ärge|Adv|don’t, don't...!|не|nicht… !|älkää|4
aasta|N|year|год|Jahr|vuosi|5|5
algama|V|to start, to begin|начинаться|anfangen|alkaa|5
aken|N|window|окно|Fenster|ikkuna|5
asendama|V|to substitute|заменять|ersetzen|korvata|5
buss|N|bus|автобус|Bus|linja-auto, bussi|5
bussijaam|N|bus station|автовокзал|Busbahnhof|linja-autoasema|5
eile|Adv|yesterday|вчера|gestern|eilen|5
eramaja|N|private house|частный дом|Familienhaus|omakotitalo|5
esmaspäev|Aprefix&päevS|Monday|понедельник|Montag|maanantai|5
halb|A|bad|плохой|schlecht|huono|5
hetk|N|moment|момент, мгновение|Moment|hetki|5
hiljaks jääma|MWE|to be late|опаздывать|sich verspäten|myöhästyä|5
ilm|N|weather|погода|Wetter|sää, ilma|5
järgmine|A|next|следующий|nächste, nächster, nächstes|seuraava|5
kassa|N|cash register|касса|Kasse|lippukassa|5
kaua|Adv|long time|долго|lange|kauan|5
kell|N|clock|час, часы|Uhr|kello|5
kiiresti|Adv|quickly|быстро|schnell|nopeasti|5
kohe|Adv|immediately|сразу|sofort|heti, kohta|5
kolmapäev|N|Wednesday|среда|Mittwoch|keskiviikko|5
koos minuga|MWE|together with me|вместе со мной|mit mir zusammen|minun kanssa|5
kuhu?|Adv|to where?|куда?|wohin?|minne? mihin?|5
kuidas?|Adv|how?|как?|wie?|kuinka?|5
kui palju?|MWE|how much?|сколько?|wieviel? wie viel? wie viele?|kuinka paljon?|5
laev|N|ship|корабль|Schiff|laiva|5
laupäev|N|Saturday|суббота|Samstag|lauantai|5
lehm|N|cow|корова|Kuh|lehmä|5|ANIMAL_DOM
lennuk|N|plane|самолёт|Flugzeug|lentokone|5
loeng|N|lecture|лекция|Vorlesung|luento|5
lõpp|N|end|конец|Ende|loppu|5
lõppema|V|to end, to finish|кончаться, заканчиваться|beenden|lopettaa, päättää|5
lähedal|Adv|close|вблизи|nahe|lähellä|5
maksma|V|to pay|стоить, платить|bezahlen, kosten|maksaa|5
meeter|N|meter|метр|Meter|metri|5
miks?|Adv|why?|почему?|warum?|miksi?|5
millal?|Adv|when?|когда?|wann?|milloin?|5
minema|V|to go|идти, пойти|gehen|mennä|5
minut|N|minute|минута|Minute|minuutti|5
mõte|N|idea, thought|мысль, идея|Idee, Gedanke|ajatus|5
neljapäev|N|Thursday|четверг|Donnerstag|torstai|5
nädal|N|week|неделя|Woche|viikko|5
nädalavahetus|N|weekend|конец недели|Wochenende|viikonvaihde|5
peatus|N|stop, post|остановка|Haltestelle|pysäkki|5
piim|N|milk|молоко|Milch|maito|5|DRINK
pilet|N|ticket|билет|Fahrkarte, Eintrittskarte|(matka)lippu, matkalippu, lippu|5
pool|N|half|половина|halb|puoli|5
praam|N|ferry|паром|Fähre|lautta|5
pühapäev|N|Sunday|воскресенье|Sonntag|sunnuntai|5
raha|N|money|деньги|Geld|raha|5
raudteejaam|N|train station|железнодорожный вокзал|Bahnhof|rautatieasema|5
reede|N|Friday|пятница|Freitag|perjantai|5
rong|N|train|поезд|Zug|juna|5
seal|Adv|there|там|dort|siellä|5
sealt|Adv|from there|оттуда|von dort|sieltä|5
sein|N|wall|стена|Wand|seinä|5
sekund|N|second|секунда|Sekunde|sekunti|5
sent|N|cent|цент|Cent|sentti|5
siia|Adv|to here|сюда|hierhin|tänne|5
siit|Adv|from here|отсюда|hierher|täältä|5
sild|N|bridge|мост|Brücke|silta|5
sinna|Adv|to there, there|туда|dahin|sinne, siihen, tuonne|5
sooduspilet|N|discount ticket|льготный билет|ermäßigte Fahrkarte|alennuslippu|5
sularaha|N|cash|наличные|Bargeld|käteinen raha|5
sõiduk|N|vehicle|транспортное средство|Verkehrsmittel|ajoneuvo|5
sõiduplaan|N|schedule|расписание движения|Fahrplan|aikataulu|5
sõitma|V|to drive, to ride|ездить, ехать|fahren|matkustaa, ajaa|5
tagasi|Adv|back|назад|zurück|takaisin|5
takso|N|taxi|такси|Taxi|taksi|5
tegema|V|to do, to make|делать|machen, tun|tehdä|5
teisipäev|N|Tuesday|вторник|Dienstag|tiistai|5
tellimine|N|ordering|заказ|Bestellung|tilata|5
tramm|N|tram, streetcar|трамвай|Straßenbahn|raitiovaunu|5
troll|N|trolley bus|троллейбус|Oberleitungsbus|johdinauto, trolleybussi|5
tulema|V|to come|идти, приходить|kommen|tulla|5
tund|N|lesson, hour|час, урок|Stunde, Unterrichtsstunde|tunti|5täna|today|сегодня|heute|tänään|5
tänama|V|to thank|благодарить|danken|kiittää|5
tänan väga!|MWE|thank you very much|благодарю|danke sehr!|suuri kiitos|5
suur tänu!|MWE|(big) thank you! thank you! big thank you!|большое спасибо|vielen Dank!|kiitos paljon|5
tähtis|A|important|важный|wichtig|tärkeä|5
täpselt|Adv|exactly|точно|genau|täsmälleen|5
uks|N|door|дверь|Tür|ovi|5
vanemad| X|parents|родители|Eltern|vanhemmat|5|FAMILY
vara|Adv|early|рано|früh|aikaisin|5
veab| X|transports|возит|transportiert|kuljettaa, vetää|5
viga|N|mistake|ошибка|Fehler|vika|5
viima|V|to take somewhere|нести, веcти|bringen, tragen|viedä|5
viimane|A|last|последний|letzte, letzter, letztes|viimeinen|5
vist|Adv|probably|наверное|wahrscheinlich|kai, ehkä, kenties|5
võib-olla|Adv|maybe|может быть|vielleicht|voi olla|5
välja|Adv|out|вы–, из|heraus|ulos|5
üleeile|Adv|day before yesterday|позавчера|vorgestern|toissa päivänä|5
ülehomme|Adv|day after tomorrow|послезавтра|übermorgen|ylihuomenna|5
üles tõusma|MWE|to get up|просыпаться|aufstehen|nousta|5
aastaaeg|N|season|время года|Jahreszeit|vuodenaika|6|6
aed|N|garden|сад, огород|Garten|puutarha|6
alati|Adv|always|всегда|immer|aina, alati|6
algus|N|beginning|начало|Anfang|alku|6
all|Adp|under|под|unter|alla|6
ei ... ega|CC|neither … nor|ни ... ни|weder ... noch|ei … eikä|6
enam|Adv|more, any more|больше|mehr|enämmän, enää|6
huvitav|A|interesting|интересный|interessant|kiinnostava|6
hüppas|X|jumped|прыгал|hüpfte|hyppäsi|6
ise|Pron|myself|сам, сама|selbst|itse|6
jalutama|V|to walk|гулять|spazieren|kävellä|6
jooksma|V|to run|бегать|rennen, laufen|juosta|6
jõgi|N|river|река|Fluss|joki|6
jõulud|N|Christmas|Рождество|Weihnachten|joulu|6
jõul|N|||||6
jänes|N|rabbit, hare|заяц|Hase|jänis|6|ANIMAL_WILD
keskel|Adv|in the middle of|посередине|in mitten von|keskellä|6
kevad|N|spring|весна|Frühling|kevät|6|TIME_SEASON
koht|N|place|место|Ort|kohta|6
kraad|N|degree|градус|Grad|aste|6
kuid|CS|but|но|sondern, aber|mutta, vaan|6
kunagi|Adv|ever|когда-то, никогда|jemals|joskus, ei koskaan|6
kõik|Pron|all|все, всё|alle, alles|kaikki|6
käima|V|to go (back and forth), to go|xодить, бывать|gehen (hin und zurück), gehen|käydä|6
küla|N|village|деревня|Dorf|kylä|6
külm|A|cold|холодно|kalt|kylmä|6
laulma|V|to sing|петь|singen|laulaa|6
leht|N|leaf|лист|Blatt|lehti|6
lendama|V|to fly|летать|fliegen|lentää|6
lind|N|bird|птица|Vogel|lintu|6|BIRD
loss|N|castle|замок|Schloss|linna|6
lumemees|N|snowman|снеговик|Schneemann|lumiukko|6
lumememm|N|snow-woman|снежная баба|Schneefrau|lumiakka|6
lumi|N|snow|снег|Schnee|lumi|6|WEATHER
lund sajab|MWE|it’s snowing, it is snowing|идёт снег|es schneit|sataa lunta|6
lõbus|A|jolly, amusing|весёлый|freudig|hauska, huvittava|6
mets|N|forest, woods|лес|Wald|metsä|6
milline?|Pron|which? what kind of?|какой? какая? какое?|was für...? welche?|millainen?|6
missugune?|Pron|which? what kind of?|какой? какая? какое?|was für...? welche?|millainen?|6
mul on kiire|MWE|I‘m in a hurry.|я спешу|ich bin in Eile|minulla on kiire|6
muna|N|egg|яйцо|Ei|muna|6
mäng|N|game|игра|Spiel|leikki, peli|6
naljamees|N|funny guy|шутник, чудак|lustiger Kerl|vitsikäs mies|6
ning|CC|and|и|und|sekä, ja|6
oks|N|branch|ветка|Ast|oksa|6
paistma|V|to shine|светить|scheinen, erscheinen|paistaa|6
park|N|park|парк|Park|puisto|6
peal|Adp|on|на|auf, über|päällä|6
perekond|N|family|семья|Familie|perhe|6
pesa|N|nest|гнездо|Nest|pesä|6
pilv|N|cloud|облако, туча|Wolke|pilvi|6
pilves|A|cloudy|облачный|bewölkt|pilvessä|6
pime|A|dark|тёмный|dunkel|pimeä|6
ploom|N|plum|слива|Pflaume|luumu|6
puhkama|V|to rest|отдыхать|sich ruhen, sich ausruhen, ruhen, ausruhen, sich erholen|levätä, lepäillä, viettää lomaa|6
puhkus|N|holiday, vacation|отдых, отпуск|Urlaub|loma|6
püha|N|state holiday|праздник|Feiertag|pyhä, juhlapäivä|6
reis|N|trip, journey|путешествие, поездка|Reise|matka|6
reisima|V|to travel|путешествовать|reisen|matkustaa|6
saar|N|island|остров|Insel|saari|6
sadama|V|to rain|идти (о дожде), идти|regnen|satama|6|WEATHER_V
sest|CS|because|потому что|weil|koska|6
soe|A|warm|тёплый|warm|lämmin|6
soovima|V|to wish|желать|wünschen|toivoa|6
sulama|V|to melt|таять|schmelzen|sulattaa|6|WEATHER_V
suvi|N|summer|лето|Sommer|kesä|6|TIME_SEASON
suvila|N|summer house|дача|Ferienhaus|kesämökki|6
sügis|N|autumn, fall|осень|Herbst|syksy|6|TIME_SEASON
sünnipäev|N|birthday|день рождения|Geburtstag|syntymäpäivä|6
tahtma|V|to want|хотеть, желать|wollen|tahtoa, haluta|6
talv|N|winter|зима|Winter|talvi|6|TIME_SEASON
tavaliselt|Adv|usually|обычно|normalerweise|tavallisesti|6
tervis|N|health|здоровье|Gesundheit|terveys|6
terviseks!|Interj|cheers!|на здоровье!|Prost!zum Wohl!|terveydeksi!|6
tore|A|wonderful, great|прекрасный, славный|wunderbar|komea, upea|6
tuba|N|room|комната|Zimmer|huone|6
tugev|A|strong|сильный|stark|voimakas, vahva|6
tuju|N|mood|настроение|Stimmung, Laune|mieliala, tuuli|6
tuletorn|N|lighthouse|маяк|Leuchtturm|majakka|6
tuul|N|wind|ветер|Wind|tuuli|6|WEATHER
ujuma|V|to swim|плавать|schwimmen|uida|6
vaheaeg|N|school holiday|школьные каникулы|Ferien|loma|6
vihm|N|rain|дождь|Regen|sade|6|WEATHER
vihmatrall|N|rain party|праздник дождя|Regenfeier|sateen juhla|6
vihmavari|N|umbrella|зонтик|Regenschirm|sateenvarjo|6
värviline|A|colorful|цветной|farbenfroh|värillinen|6
õun|N|apple|яблоко|Apfel|omena|6
õnn|N|happiness, luck|счастье|Glück, Freude|onni|6
abielu|N|marriage|брак|Ehe|avioliitto|7
abielluma|V|to get married|жениться|heiraten|mennä naimisiin|7
abikaasa|N|spouse|супруг, супруга|Ehepartner|aviopuoliso, puoliso|7|FAMILY
all|Adv|under|под|unter|alla|7
ees|Adv|in front of|впереди|vor|edellä, edessä|7
elukaaslane|N|partner|спутник жизни|Lebensgefährte, Lebensgefährtin|elämänkumppani|7|FAMILYhakkama|to begin, to start doing|начинать|anfangen|ryhtyä, ruveta|7
heidavad magama|MWE|they go to sleep|ложатся спать|sie gehen schlafen|menevät nukkumaan|7
hiir|N|mouse|мышь|Maus|hiiri|7|ANIMAL_WILD
imelik|A|strange|странный|seltsam|ihmeellinen|7
juurde|Adv|to|к|zu|luokse|7
juust|N|cheese|сыр|Käse|juusto|7|FOOD
kasvama|V|to grow|расти|wachsen|kasvaa|7
kingitus|N|gift, present|подарок|Geschenk|lahja|7
kinkima|V|to make a gift|подарить|schenken|antaa lahja|7
kirss|N|cherry|вишня|Kirsche|kirsikka|7|FOOD
korras|Adv|in order|в порядке|in Ordnung|kunnossa|7
köök|N|kitchen|кухня|Küche|keittiö|7
lahutatud| X|divorced|разведен|geschieden|eronnut|7
lapselaps|N|grandchild|внук, внучка|Enkelkind|lapsenlapsi|7|FAMILY
lasteaed|N|preschool|детский сад|Kindergarten|lastentarha|7
laul|N|song|песня|Lied|laulu|7
läbi|Adv|through|после, сквозь, через|durch, über, nach|läpi, lävitse|7
magama|V|to sleep|спать|schlafen|nukkua|7
mesi|N|honey|мёд|Honig|hunaja|7|FOOD
mesilane|N|bee|пчела, пчёлка|Biene|mehiläinen|7|ANIMAL_DOM
mesipuu|N|beehive|улей|Bienenstock|mehiläispönttö|7
naer|N|laughter|смех, хохот|Gelächter|nauru|7
noor|N|young|молодой, юный|jung|nuori|7
noor|A|young|молодой, юный|jung|nuori|7
närima|V|to gnaw|грызть, обгрызать,|nagen, kauen|nakertaa|7
onu|N|uncle|дядя|Onkel|setä|7|FAMILY
pidama|V|to have to, must|должен, быть обязанным|müssen|pitää|7
pidu|N|party|праздник|Fest|juhla, juhlat|7
pirn|N|pear|груша|Birne|päärynä|7|FOOD
pulm|N|wedding|свадьба|Hochzeit|häät|7
pärast|Adv|after|потом, через, спустя|nach, danach|jälkeen|7
pärima|V|to ask a question|спрашивать|fragen|kysyä|7
saama|V|to be able to|получать, приобретать|können, erreichen, bekommen|voida, pystyä, saada|7
sugulane|N|relative|родственник, родственница|Verwandte, Verwandter|sukulainen|7
surema|V|to die|умереть, скончаться|sterben|kuolla|7
surnud|A|dead|умер|tot|kuollut|7
taga|Adv|behind|позади|hinter|takana|7
tädi|N|aunt|тётя|Tante|täti|7|FAMILY
tähendama|V|to mean|означать|bedeuten|tarkoittaa|7
vallaline|A|single|неженатый, холостой|ledig|naimaton, sinkku|7
vallaline|N|single|неженатый, холостой|ledig|naimaton, sinkku|7
vanus|N|age|возраст|Alter|ikä|7
õnneks|Adv|fortunately|к счастью|glücklicherweise|onneksi|7
õu|N|yard|двор|Hof|piha|7
äi|N|father-in-law|свёкор, тесть|Schwiegervater|appi|7|FAMILY
ämm|N|mother-in-law|свекровь, тёща|Schwiegermutter|anoppi|7|FAMILY
öö läbi|MWE|all night long|всю ночь|die ganze Nacht|koko yön|7
aitama|V|to help|помогать|helfen|auttaa|8
arvuti|N|computer|компьютер|Computer|tietokone|8
asi|N|thing|вещ, дело|Sache|asia|8
eksam|N|exam|экзамен|Prüfung, Klausur|tutkinto, tentti, koe|8
enne|Adv|before|до|vor, bevor|ennen|8
film|N|movie|фильм|Film|elokuva|8
huvi|N|interest|интерес|Interesse|kiinnostus|8
jalgpall|N|football|футбол|Fußball|jalkapallo|8|SPORT
jõusaal|N|fitness club, gym|тренажёрный зал|Fitnessstudio|kuntosali|8
kala|N|fish|рыба|Fisch|kala|8|FOOD
kindlasti|Adv|for sure|обязательно|sicher, bestimmt|varmasti|8
kino|N|cinema|кинотеатр, кино|Kino|elokuvateatteri|8
kirik|N|church|церковь|Kirche|kirkko|8
kogu|N|all|весь, целый|alle, ganz|koko, kokonainen|8
kohtuma|V|to meet|встречаться|sich treffen, treffen|tavata|8
kontsert|N|concert|концерт|Konzert|konsertti|8
koor|N|choir|хор|Chor|kuoro|8
koristama|V|to clean|убирать|putzen, aufräumen|siivota|8
korvpall|N|basketball|баскетбол|Basketball|koripallo|8|SPORT
kuulama|V|to listen|слушать|zuhören, anhören|kuunnella|8
kuulma|V|to hear|слышать|hören|kuulla|8
kuupäev|N|date|дата, число|Datum|päivämäärä|8
lihtne|A|simple|простой|einfach|helppo|8
liiga|Adv|too, too much|слишком|zu, zu viel|liian|8
liiga|N|too, too much|слишком|zu, zu viel|liian|8
lõuna|N|lunch, south|обед, юг|Mittagessen, Süden|päivällinen, etelä|8
mitu korda?|MWE|how many times?|сколько раз?|wieviel Mal?|kuinka monta kertaa?|8
muusika|N|music|музыка|Musik|musiikki|8
mõnikord|Adv|sometimes|иногда|manchmal|joskus|8
mängima|V|to play|играть|spielen|pelata|8
nägema|V|to see|видеть, смотреть|sehen|nähdä|8
ootama|V|to wait|подождать|warten|odottaa|8
parem|Adv|rather|лучше|eher, besser|parempi, mieluummin|8
parem|A|rather|лучше|eher, besser|parempi, mieluummin|8
puhkepäev|N|day off|выходной день|Ruhetag|lepopäivä|8
saal|N|hall|зал|Saal|sali|8
seepärast|Adv|therefore|потому что|deshalb|sen takia, siksi|8
sportlik|A|athletic|спортивный|sportlich|urheilullinen|8
suusatama|V|to ski|кататься на лыжах|Skifahren|hiihtää|8|SPORT
sõbranna|N|female friend|подруга|Freundin|ystävätär|8
teater|N|theater|театр|Theater|teatteri|8
tegevus|N|activity|деятельность|Beschäftigung|toiminta|8
tennis|N|tennis|теннис|Tennis|tennis|8|SPORT
terve päev|MWE|the whole day|целый день|den ganzen Tag|koko päivä|8
trenn|N|training|тренировка|Training|harjoitus, treeni|8|SPORT
uisutama|V|to skate|кататься на коньках|Schlittschuhlaufen|luistaa|8|SPORT
vaba|A|free|свободный|frei|vabaa|8
võrkpall|N|volleyball|волейбол|Volleyball|lentopallo|8|SPORT
üldiselt|Adv|generally|в общем|normalerweise|yleisesti|8
ajaleht|N|newspaper|газета|Zeitung|sanomalehti|9
andma|V|to give|давать, вручать|geben|antaa|9
apelsin|N|orange|апельсин|Orange|appelsiini|9|FOOD
banaan|N|banana|банан|Banane|banaani|9|FOOD
dušš|N|shower|душ|Dusche|suihku|9
eelmine|A|previous, last|предыдущий, прошлый|vorherig|edellinen|9
esik|N|entrance hall|прихожая|Diele|eteinen|9
hambaid pesema|MWE|to brush one’s teeth|чистить зубы|Zähne putzen|pestä hampaitaan|9
hammas|N|tooth|зуб|Zahn|hammas|9
helisema|V|to ring|звенеть|klingeln|soittaa|9
hommikusöök|N|breakfast|завтрак|Frühstück|aamiainen|9
hommikust sööma|MWE|to have breakfast|завтракать|frühstücken|syödä aamiaista|9
ilma|Adv|without|без|ohne|ilman, vailla|9
jogurt|N|yogurt|йогурт|Joghurt|jugurtti|9|FOOD
jooma|V|to drink|пить|trinken|juoda|9|FOOD_DRINK_V
kahvel|N|fork|вилка|Gabel|haarukka|9
kauss|N|bowl|чаша, чашка, миска|Schüssel|kulho|9
klaas|N|glass|стакан|Glas|lasi|9
keskkool|N|high school|средняя школа|Oberstufe|oppikoulu|9
king|N|shoe|ботинок|Schuh|kenkä|9
kinni|Adv|closed|закрыт|geschlossen|suljettu|9kohv|coffee|кофе|Kaffee|kahvi|9|DRINK
kohvik|N|café|кафе|Café|kahvila|9
kohvimasin|N|coffee maker|кофеварка|Kaffeemaschine|kahvinkeitin|9
konverents|N|conference|конференция|Konferenz|kongressi|9
kook|N|cake|пирожное|Kuchen|leivos, torttu|9|FOOD
kruus|N|mug|кружка|Becher|muki|9
kuni||till|до|bis|saakka, asti|9
kähku|Adv|quickly|быстро|schnell, rasch|nopeasti|9
lahti|Adv|open|открыт|geöffnet|auki|9
leib|N|bread, dark bread|хлеб|Brot, dunkles Brot|leipä|9|FOOD
lina|N|sheet, linen|простыня, лён|Laken, Lein|liina, lakana, pellava|9
lusikas|N|spoon|ложка|Löffel|lusikka|9
mahl|N|juice|сок|Saft|mehu, tuoremehu|9|DRINK
mantel|N|jacket, coat|пальто|Mantel|takki, päällystakki|9
minevik|N|the past, past tense|прошлое, прошедшее время|Vergangenheit, Imperfekt|menneisyys, imperfekti|9
mitte kunagi|MWE|not ever|никогда|niemals|ei koskaan, ei ikinä|9
moos|N|jam|варенье|Marmelade|hillo|9|FOOD
möödunud| A|last|прошедший, прошлый|vergangen|viime|9
nuga|N|knife|нож|Messer|veitsi|9
omlett|N|omelet|омлет|Omelette|munakas|9|FOOD
paar|N|pair|пара|Paar|pari|9
panema|V|to put|класть, положить|stellen, legen, setzen|laitaa, panna|9
pann|N|pan|сковорода|Pfanne|pannu|9
pesema|MWE|to wash|мыть|waschen|pestä|9
pirukas|N|пирог|Pirogge|piirakka|9|FOOD
pott|N|pot|кастрюля|Topf|kattila|9
puder|N|porridge|каша|Brei|puuro|9|FOOD
päikesekiir|N|sun ray|луч солнца|Sonnenstrahl|auringonsäde|9
sai|N|white bread|булка|Weißbrot|leipä, vehnäleipä|9|FOOD
salat|N|salad, lettuce|салат|Salat|salaatti|9|FOOD
sageli|Adv|often|часто|oft|useasti, usein|9
selg|N|back|спина|Rücken|selkä|9
sink|N|ham|ветчина|Schinken|kinkku|9|FOOD
sobima|V|to fit|подходить, годиться|passen, stimmen|sopia|9
suhkur|N|sugar|сахар|Zucker|sokeri|9|FOOD
söök|N|meal|еда, пища|Mahl, Essen|ateria|9
sööma|V|to eat|есть, кушать|essen|syödä|9|FOOD_DRINK_V
taldrik|N|plate|тарелка|Teller|lautanen|9
tass|N|cup|чашка|Tasse|kuppi|9
tee|N|tea|чай|Tee|tee|9|DRINK
tee|N|road, path|дорога|Straße|tie|9
tee|N|tea|чай|Tee|tee|9|DRINK
tee|N|road, path|дорога|Straße|tie|9
tekk|N|blanket|одеяло|Decke|peitto|9
tihti|Adv|often|часто|oft|useasti, usein|9
unine|A|sleepy|сонный|müde|uninen, unelias|9
uudis|N|piece of news|новость|Neuigkeit|uutinen|9
valmis|Adv|ready|готовый|bereit|valmis|9
vannituba|N|bathroom|ванная|Badezimmer|kylpyhuone|9
veekann|N|kettle|чайник|Kanne|vesikannu|9
veekeetja|N|kettle, water boiler|чайник|Wasserkocher|vedenkeitin|9
vesi|N|water|вода|Wasser|vesi|9|DRINK
vorst|N|sausage|колбаса|Wurst|makkara|9|FOOD
või|N|butter|масло|Butter|voi|9|FOOD
võileib|N|open sandwich|бутерброд|(belegtes) Butterbrot, Butterbrot|voileipä|9|FOOD
võima|V|to be able to, to be allowed|мочь|dürfen, können, erlaubt sein|voida, kyetä|9
võtma|V|to take|брать, взять|nehmen|ottaa|9
äratuskell|N|alarm clock|будильник|Wecker|herätyskello|9
ajakirjanik|N|journalist|журналист|Journalist|lehtimies, toimittaja|10|PROFESSIONalustama|to start|начинать|anfangen|aloittaa, alkaa, ryhtyä|10
amet|N|profession, position|профессия|Beruf|ammatti, toimi|10|JOB
ankeet|N|form|анкета|Formular|lomake, kyselylomake|10
arst|N|doctor|врач, доктор|Arzt|lääkäri|10|PROFESSION
automehaanik|N|car mechanic|автомеханик|Automechaniker|automekaanikko|10|PROFESSION
bussijuht|N|bus driver|водитель автобуса|Busfahrer|bussikuljettaja|10|PROFESSION
doktoriõpe|N|PhD studies|докторантура|Doktorat|lääkäriopiskelija|10
ehitama|V|to build|строить|bauen|rakentaa|10
ehitus|N|construction site|строительство|Gebäude|rakennus|10
ehk|Adv|or|или|oder|ehkä, voi|10
elukutse|N|profession|профессия|Beruf|ammatti|10|JOB
eriala|N|specialty, field|специальность|Fachrichtung|erikoisala|10|JOB
ettekandja|N|waitress|официантка|Kellnerin|tarjoilija|10|PROFESSION
firma|N|company|фирма|Firma|firma|10|JOB
gümnaasium|N|highschool|гимназия|Gymnasium|lukio|10
haigla|N|hospital|больница|Krankenhaus|sairaala|10
hambaarst|N|dentist|зубной врач|Zahnarzt|hammaslääkäri|10|PROFESSION
haridus|N|education|образование|Ausbildung, Bildung|koulutus, sivistys|10
hotell|N|hotel|отель|Hotel|hotelli|10
infotehnoloog|N|IT specialist|IT-специалист|Informatiker|informaatioteknologi|10|PROFESSION
intervjuu|N|interview|интервью|Interview|haastattelu|10|JOB
iseseisvus|N|independence|независимость|Unabhängigkeit|itsenäisyys|10
juuksur|N|hairdresser|парикмахер|Frisör|kampaaja, parturi|10|PROFESSION
kauplus|N|store, shop|магазин|Laden, Geschäft|kauppa|10
kelner|N|waiter|официант|Kellner|tarjoilija|10|PROFESSION
keskharidus|N|secondary education|среднее образование|Abitur|oppikoulusivistys|10
keskus|N|center|центр|Zentrum|keskus|10
kodakondsus|N|citizenship|гражданство|Staatsbürgerschaft|kanslaisuus|10
kokk|N|cook, chef|повар|Koch|kokki|10|PROFESSION
koristaja|N|cleaner|уборщик, уборщица|Putzfrau, Putzmann|siivooja|10|PROFESSION
kordama|V|repeat, review|повторять|wiederholen|kerrata|10
kuulutus|N|advertisement|объявление|Werbung, Ankündigung|mainos|10
kuurort|N|resort|курорт|Kurort|kylpylä, spa|10
kutsekool|N|vocational school|проф. техн. училище|Berufsschule|ammatikoulu|10
kõne|N|call, speech|разговор, речь|Gespräch, Rede|puhe|10
kõrgharidus||higher education|высшее образование|Hochschulausbildung|akateeminen sivistys|10
lapsehoidja|N|babysitter|няня|Babysitter|lastenhoitaja|10|PROFESSION
leidma|V|to find|найти|finden|löytää|10
lõpetama|V|to end|заканчивать|beenden, abschließen|lopettaa|10
magistriõpe|N|MA studies|магистратура|Magisterstudium|maisterinkoulutus|10
majakas|N|light house|маяк|Leuchtturm|majakka|10
medõde|N|nurse|медсестра|Krankenschwester|sairaanhoitaja|10|PROFESSION
müüja|N|salesperson|продавец, продавщица|Verkäufer, Verkäuferin|myyjä|10|PROFESSION
müüma|V|to sell|продавать|verkaufen|myydä|10
nali|N|joke|шутка|Witz|vitsi|10
nõnda|Adv|so|так|so, also|niin, näin, noin, siten|10
ostma|V|to buy|купить, покупать|kaufen|ostaa|10
otsima|V|to look for|искать|suchen|hakea|10
pakkuma|V|to offer, to provide|предлагать|anbieten|tarjota|10
palk|N|salary|заработная плата|Gehalt|palkka|10|JOB
papagoi|N|parrot|попугай|Papagei|papukaija|10
politsei|N|police|полиция|Polizei|poliisi|10
politseinik|N|policeman|полицейский|Polizist|poliisimies|10|PROFESSION
pood|N|store, shop|магазин|Geschäft, Laden|puoti|10
pommitama|V|to bomb|бомбить|bombardieren|pommittaa|10
postiljon|N|mailman|почтальон|Briefträger, Briefträgerin|postilijooni|10|PROFESSIONpõllumees|farmer|земледелец|Landwirt|maanviljelijä|10|PROFESSION
raamatupidaja|N|accountant|бухгалтер|Buchhalter, Buchhalterin|kirjanpitäjä|10|PROFESSION
rahvusvaheline|A|international|международный|international|kansainvälinen|10
restoran|N|restaurant|ресторан|Restaurant|ravintola|10
sekretär|N|secretary|секретарь|Sekretär, Sekretärin|sihteeri|10|PROFESSION
suurepärane|A|wonderful, great|великолепный|wunderbar|erinomainen|10
tähtpäev|N|holiday|знаменaтельная дата|Feiertag|merkkipäivä|10
turvamees|N|security guard|охранник|Wachmann|turvamies|10|PROFESSION
tõlk|N|interpreter|переводчик, переводчица|Dolmetscher, Dolmetscherin|tulkki, kielenkääntäjä|10|PROFESSION
töökuulutus|N|work advertisement|объявление о работе|Stellenangebot|työpaikkailmoitus|10|JOB
vajama|V|to need|нуждаться|brauchen|tarvita|10
vaja olema|MWE|to need|быть нужным, понадобиться|brauchen|tarvita|10
varem|Adv|earlier|раньше|früher|aikaisemmin, ennen|10
välismaa|N|foreign country|заграница|Ausland|ulkomaa|10
võidupüha|N|Victory Day|День победы|Siegesfeiertag|voitonpäivä|10
õnnelik|A|happy|счастливый|glücklich|onnellinen|10
ärimees|N|businessman|бизнесмен|Geschäftsmann|liikemies|10|PROFESSION
ülestõusmispüha||Easter|Пасха|Ostern|pääsiäinen|10
allahindlus|N|discount, sale|скидка, распродажа|Preisnachlass|alennusmyynti, ale|11
ananass|N|pineapple|ананас|Ananas|ananas|11|FOOD
apelsin|N|orange|апельсин|Orange|appelsiini|11|FOOD
arbuus|N|watermelon|арбуз|Wassermelone|vesimeloni|11|FOOD
gramm|N|gram|грамм|Gramm|gramma|11
hapu|A|sour|кислый|sauer|hapan|11
hernes|N|pea|горох|Erbse|herne|11
hind|N|price|цена|Preis|hinta|11
iialgi|Adv|never|никогда|niemals|ikinä|11
inetu|A|ugly|некрасивый|hässlich|ruma|11
isegi|Adv|even|даже|sogar, selbst|jopa, vieläpä|11
just|Adv|just|как раз, только что|gerade, eben, genau|aivan, ihan, juuri|11
juurvili|N|vegetable, root vegetable|овощ|Gemüse, Wurzelgemüse|juurekset|11
juust|N|cheese|сыр|Käse|juusto|11|FOOD
jäätis|N|ice cream|мороженое|Eis|jäätelö|11|FOOD
kaalikas|N|turnip|брюква|Steckrübe|lanttu|11|FOOD
kaaluma|V|to weigh|взвешивать|wiegen|painaa|11
kaasa võtma|MWE|to take with|брать с собой|mitnehmen|ottaa mukaan|11
kaer|N|oats|овес|Hafer|kaura|11
kahju|N|unfortunate|жаль|schade|haitta, tappio|11
kallis|A|expensive|дорогой|teuer|kallis|11
kana|N|chicken|курица|Hähnchen|kana|11|FOOD
kapsas|N|cabbage|капуста|Kohl|kaali|11|FOOD
karp|N|box|коробка|Schale|rasia, lipas|11
kartul|N|potato|картофель|Kartoffel|peruna|11|FOOD
kast|N|box, crate|ящик|Kiste, Kasten|laatikko|11
kasu|N|benefit, profit|польза|Vorteil, Nutzen|hyöty|11
kasulik|A|useful|полезный|nützlich|hyödyllinen|11
kaup|N|purchase, goods|товар|Ware|tavara, kauppa|11
keefir|N|kefir|кефир|Kefir|kefiiri|11|DRINK
keskmine|A|middle|средний|mittlerer, mittlere, mittleres|keski, keskimmäinen|11
ketšup|N|ketchup|кетчуп|Ketchup|ketsuppi|11|FOOD
kilekott|N|plastic bag|пластикатовый пакет|Plastiktasche|muovipussi|11
kilo|N|kilogram|килограмм|Kilo|kilo|11
kirja panema|MWE|write down|записывать|aufschreiben|kirjoittaa muistiin|11
kodujuust|N|cottage cheese|домашний творог|Hüttenkäse|kotijuusto|11|FOOD
kohupiim|N|curds|творог|Quark|maitorahka, rahka|11|FOOD
kole|A|ugly|страшный, ужасный|hässlich|kauhea, kamala|11kokku|total|всего|zusammen|yhteen, kokoon|11
komm|N|candy|конфета|Bonbon|karkki|11
koor|N|cream, coffee cream|сливки|Sahne|kerma, kahvikerma|11
kuri|A|angry|злой|böse|ilkeä|11
kurk|N|cucumber|огурец|Gurke|kurkku|11|FOOD
kõigepealt|Adv|first of all|сначала|erstens, zuallererst|ennen kaikkea|11
köögivili|N|vegetable|овощ|Gemüse|kasvikset|11|FOOD
küpsis|N|cookie|печенье|Keks|keksi|11|FOOD
küüslauk|N|garlic|чеснок|Knoblauch|valkosipuli|11
lillkapsas|N|цветная капуста|Blumenkohl|kukkakaali|11|FOOD
liha|N|meat|мясо|Fleisch|liha|11|FOOD
loodus|N|nature|природа|Natur|luonto|11
lubama|V|to allow|разрешать|erlauben, versprechen|luvata|11
maasikas|N|strawberry|клубника|Erdbeere|mansikka|11|FOOD
magus|A|sweet|сладкий|süß|makea|11
mahtuma|V|to fit|вмещаться|passen|mahtua|11
maitsev|A|delicious, tasty|вкусный|lecker, schmackhaft|maukas|11
makaron|N|noodles|макароны|Nudeln|makaroni|11|FOOD
mandariin|N|mandarin|мандарин|Mandarine|mandariini|11|FOOD
mõni|Pron|some|некоторый|manche|muutama|14
mõtlema|V|to think|думать|denken|ajatella|11
müük|N|sale|продажа|Verkauf|myynti|11
nimekiri|N|list|список|Liste|luettelo, lista|11
odav|A|cheap|дешёвый|billig|halpa|11
ost|N|purchase|покупка|Einkauf|osto, ostos|11
otsas olema|MWE|finished|закончилось|aus sein, leer sein|loppua|11
pakend|N|package|пакет, упаковка|Verpackung|pakkaus|11
pakk|N|package|пачка, пакет|Paket|paketti|11
peet|N|beet root|свёкла|Rote Beete|punajuuri|11|FOOD
pipar|N|pepper|перец|Pfeffer|pippuri|11
porgand|N|carrot|морковка|Karotte|porkkana|11|FOOD
proovima|V|to try|пробовать|probieren|kokeilla|11
pudel|N|bottle|бутылка|Flasche|pullo|11
puhas|A|clean|чистый|sauber|puhdas|11
purk|N|jar|банка|Glas|purkki, tölkki|11
puuvili|N|fruit|фрукт|Obst|hedelmä|11|FOOD
pähkel|N|nut|орех|Nuss|pähkinä|11|FOOD
päästma|V|to save|спасать|retten|pelastaa|11
rohkem|Adv|more|больше|mehr|enemmän|11
rohkem|A|more|больше|mehr|enemmän|11
sepik|N|whole wheat bread|пшеничный хлеб|Vollkornmischbrot|hiivaleipä|11|FOOD
sibul|N|onion|лук|Zwiebel|sipuli|11|FOOD
sidrun|N|lemon|лимон|Zitrone|sitruuna|11|FOOD
seen|N|mushroom|гриб|Pilz|sieni|11|FOOD
silt|N|label, tag, sign|табличка, этикетка|Schild|taulu, kyltti|11
soodus|A|discount|льготный|günstig|tarjous|11
sool|N|salt|соль|Salz|suola|11
säästma|V|to save|экономить|sparen|säästää|11
šokolaad|N|chocolate|шоколад|Schokolade|suklaa|11|FOOD
tasu|N|reward, fee, charge|плата, оплата|Belohnung, Gebühr|maksu, palkkio|11
tervislik|A|healthy|здоровый|gesund|terveellinen|11
toit|N|food|пища, еда|Essen|ruoka|11
toitumine|N|nutrition|питание|Ernährung|ravinto, ravitsemus|11
tomat|N|tomato|помидор, томат|Tomate|tomaatti|11|FOOD
turg|N|market|рынок, базар|Markt|tori|11
tükk|N|piece|штука, кусок|Stück|pala|11
uba|N|bean|боб, фасоль|Bohne|papu|11|FOOD
varsti|Adv|soon|скоро|bald|pian|11vastu|against|против|gegen|vastaan|11
veidi|Adv|a little|немного|wenig|vähän|11
viinamari|N|grape|виноград|Weintraube|viinirypäle, rypäle|11|FOOD
viiner|N|frankfurter|сосиска|Wiener Würstchen|nakki|11|FOOD
võrdlema|V|to compare|сравнивать|vergleichen|verrata|11
vähem|V|less|меньше|weniger|vähemmän|11
õli|N|oil|масло|Öl|öljy|11
äädikas|N|vinegar|уксус|Essig|etikka|11
üldse|Adv|at all|вообще|wirklich|yleensä|11
aine|N|ingredient|продукт|Zutat|aine|12
ammu|Adv|a long time ago|давно|vor langer Zeit|ammoin|12
arve|N|bill, check|счёт|Rechnung|lasku|12
avama|V|to open|открывать|öffnen|avata|12
baar|N|bar|бар|Bar, Kneipe|baari|12
edasi|Adv|forward|дальше|weiter|eteenpäin|12
forell|N|trout|форель|Forelle|purotaimen|12|FOOD, FISH
hamburger|N|hamburger|гамбургер|Hamburger|hampurilainen|12|FOOD
heeringas|N|herring|селёдка|Hering|silli|12|FOOD, FISH
hääl|N|voice|голос|Stimme|ääni|12
ikka|Adv|still|по-прежнему|wirklich|aina|12
jutt|N|story|разговор, рассказ|Geschichte, Erzählung|puhe, keskustelu, juttu|12
kaneel|N|cinnamon|корица|Zimt|kaneli|12
kann|N|kettle, teapot|кувшин|Kanne|kannu, kaadin|12
kapp|N|cupboard, wardrobe|шкаф|Schrank|kaappi|12
kasutama|V|to use|использовать|benutzen|käyttää|12
keema|V|to boil|кипеть|kochen|keittää|12
kilu|N|sprat|килька|Sprotte, Breitling|anjovis, kilohaili|12|FOOD, FISH
kinni panema|MWE|to close|закрыть|schließen|sulkea|12
kinni panema|MWE|to book|резервировать|reservieren|varata|12
kokk|N|cook, chef|повар|Koch|kokki|12|PROFESSION
kokku saama|MWE|to meet|встречаться|sich treffen|kokoontua|12
kringel|N|sweet pretzel|крендель|süßes Gebäck|rinkeli|12|FOOD
kutsuma|V|to invite|приглашать|einladen|kutsua|12
kuulus|A|famous|Известный|berühmt|kuuluisa|12
kõht|N|stomach, belly|живот|Bauch|vatsa|19
külaline|N|guest|гость|Gast|vieras|12
külastaja|N|guest, visitor|посетитель|Besucher|vieras|12
lahti tegema|MWE|to open|открывать|öffnen|avata|12
loomulikult|Adv|of course|естественно|natürlich|tietysti|12
lõhe|N|salmon|лосось|Lachs|lohi|12|FOOD, FISH
mari|N|berry|ягода|Beere|marja|12
mustikas|N|blueberry|черника|Heidelbeere|mustikka|12|FOOD
mõnus|A|pleasant, cosy|приятный|angenehm|mukava|12
näitama|V|to show|показывать|zeigen|näyttää|12
nälg|N|hunger|голод|Hunger|nälkä|12
praad|N|main course|жаркое|Hauptgericht|paisti|12|FOOD
puhas|A|clean|чистый|sauber|puhdas|12
seekord|Adv|this time|на этот раз|diesmal|tällä kertaa|12
seltskond|N|company, party|компания|Gesellschaft|seura, seurue|12
sulgema|V|to close|закрывать|schließen|sulkea|12
taim|N|plant, herb|растение|Pflanze|kasvi|12
taimetoit|N|vegetarian food|вегетарианская пища|vegetarisches Essen|kasvisruoka|12
tasuta|A|free of charge|бесплатно|kostenlos|ilmaiseksi|12
tellima|V|to order|заказывать|bestellen|tilata|12
tikker|N|gooseberry|крыжовник|Stachelbeere|karviainen|12
tähistama|V|to celebrate|праздновать|feiern|viettää, merkitä|12
tähtis|A|important|важный|wichtig|tärkeä|12
täis|A|full|полный|voll|täysi|12
tühi|A|empty|пустой|leer|tyhjä|12
vaarikas|N|raspberry|малина|Himbeere|vadelma|12|FOOD
vahukoor|N|whipped cream|взбитые сливки|Schlagsahne|kermavaahto|12|FOOD
valama|V|to pour|наливать|einschütten|kaataa|12
valik|N|choice|выбор|Auswahl, Wahl|valinta|12
valima|V|to choose|выбирать, избирать|wählen|valita|12
vanill|N|vanilla|ваниль|Vanille|vanilja|12
vein|N|wine|вино|Wein|viini|12|DRINK
värske|A|fresh|свежий|frisch|tuore|12
väsinud|A|tired|усталый|müde|väsynyt|12
õlu|N|beer|пиво|Bier|olut|12|DRINK
üllatus|N|surprise|сюрприз|Überraschung|yllätys|12
ahi|N|oven, stove|печь|Ofen|uuni|13
elamu|N|dwelling house|жилой дом, жильё|Wohnhaus|asuintalo|13
eraldi|Adv|separate|отдельно|separat|erillinen|13
eraldi|N|separate|отдельно|separat|erillinen|13
hoone|N|building|здание|Gebäude|rakennus|13
hoopis|Adv|completely|совсем, совершенно|beträchtlich, ganz|täysin|13
huvitama|V|to interest|интересовать|interessieren|kiinnostaa|13
igav|A|boring|скучный|langweilig|ikävä|13
järjekord|N|line, queue, order|очередь|Reihe, Schlange|jono, järjestys|13
kamin|N|fireplace|камин|Kamin|takka|13
kapp|N|cupboard, wardrobe|шкаф|Schrank|kaappi|13
katki|Adv|broken|сломанный|kaputt|rikki|13
katus|N|roof|крыша|Dach|katto|13
keetma|V|to cook, boil|варить, готовить|kochen|keittää|13
kelder|N|basement|подвал, погреб|Keller|kellari|13
kiitma|V|to praise|хвалить|loben|kehua|13
kinnisvara|N|real estate|недвижимость|Immobilien|kiinteistö|13
klaver|N|piano|рояль, пианино|Klavier|piano|13
kolima|V|to move|переезжать|umziehen|muuttaa|13
korralik|A|tidy, proper|аккуратный|ordentlich|asiallinen|13
korrus|N|floor, storey|этаж|Stockwerk|kerros|13
korsten|N|chimney|труба|Schornstein|savupiippu|13
kuningas|N|king|король|König|kuningas|13
kõrval|Adv|next to|рядом|daneben|vieressä|13
küte|N|heating|отопление|Heizung|lämmitys|13
kütma|V|to heat|топить|heizen|lämmittää|13
lagi|N|ceiling|потолок|Decke|katto|13
liiv|N|sand|песок|Sand|hiekka|13
läbi saama|MWE|to get on with|ладить|zurecht kommen|tulla toimeen|13
male|N|chess|шахматы|Schach|shakki|13
mugav|A|comfortable|удобный|bequem|mukava|13
muu|Pron|other, others|иное, прочее|sonstige, sonstiges|muu|13
mööbel|N|furniture|мебель|Möbel|huonekalu|13
naaber|N|neighbour, neighbor|сосед|Nachbar|naapuri|13
nõud| X|dishes|посуда|Geschirr|astia|13
nõu|S
ohtlik|A|dangerous|опасный|gefährlich|vaarallinen|13
oluline|A|important|важный|bedeutsam, wichtig|olennainen|13
omanik|N|owner|владелец|Eigentümer|omistaja|13
peaaegu|Adv|almost|почти|fast|lähes|13
parandama|V|to repair|ремонтировать|reparieren, ausbessern|korjata|13
pesu|N|laundry, underwear|белье|Wäsche|pyykki, alusvaatteet|13
pesumasin|N|washing machine|стиральная машина|Waschmaschine|pesukone|13
piir|N|boarder|граница|Grenze|raja|13
pliit|N|cooking range|плита|Herd|liesi|13pooleli|unfinished|наполовину|halbfertig|puolittain|13
puudus|N|disadvantage|недостаток|Nachteil|puute|13
põrand|N|floor|пол|Fußboden|lattia|13
rahulik|A|peaceful|спокойный|ruhig, friedlich|rauhallinen|13
rajoon|N|district, neighborhood|район|Bezirk|asuinalue, alue|13
remont|N|renovation|ремонт|Renovierung|remontti|13
rida|N|row|ряд|Reihe|rivi|13
rõdu|N|balcony|балкон|Balkon|parveke|13
saun|N|sauna|сауна|Sauna|sauna|13
sein|N|wall|стена|Wand|seinä|13
sisse kolima|MWE|to move in|въезжать|einziehen|muuttaa asuntoon, muuttaa|13
suits|N|smoke|дым|Rauch|savu|13
suitsetama|V|to smoke|курить|rauchen|tupakoida|13
tagasihoidlik|A|modest, shy|скромный|zurückhaltend|vaatimaton|13
talu|N|farm, farmstead|хутор|Bauernhof|maatila|13
teatama|V|to inform|сообщать|benachrichtigen|tiedottaa, ilmoittaa|13
tooma|V|to bring|приносить|bringen, holen|tuoda|13
trepikoda|N|stairwell|подъезд|Treppenhaus|porraskäytävä|13
trepp|N|staircase|лестница, крыльцо|Treppe|porras|13
vaade|N|view|вид|Aussicht, Ausblick|näköala, näkymä|13
vaikne|A|silent, quiet|тихий|ruhig, leise|hiljainen|13
valgus|N|light|свет|Licht|valo|13
valjusti|Adv|aloud|громко|laut|kuuluvasti|13
vihane|A|angry|злой|böse|vihainen|13
viima|V|to take somewhere|нести, вести|bringen, holen|viedä|13
viisakalt|Adv|politely|вежливо|höflich|kohteliaasti|13
voodi|N|bed|кровать, постель|Bett|sänky|13
välisuks|N|front door|парадная дверь|Haustür|väliovi|13
värvima|V|to paint|красить|färben|maalata|13
ühendus|N|connection|соединение, связь|Verbindung|yhteys|13
üürima|V|to rent|снимать в аренду|mieten|vuokrata|13
üürnik|N|tenant|квартиросъемщик|Mieter|vuokralainen|13
akulaadija|N|charger|зарядное устройство|Ladegerät|laturi|14
alumine|A|lower|нижний|niedriger|alempi|14
erinev|A|different|различный|verschieden|erilainen|14
hambahari|N|toothbrush, tooth-brush|зубная щетка|Zahnbürste|hammasharja|14
hoidma|V|to keep|хранить|halten|pitää|14
hüüdma|V|to call, to shout|звать|schreien|huutaa|14
joonistama|V|to draw|рисовать|zeichnen|piirtää|14
ju|Adv|really|так как|doch, nun wirklich|-han, -hän|14
juhtuma|V|to happen|случаться|passieren|tapahtua|14
juttu ajama|MWE|to talk|беседовать|sich unterhalten|keskustella|14
jutustama|V|to tell|рассказывать|erzählen|tarinoida|14
jõudma|V|to arrive, to manage|добраться, смочь|etwas schaffen, ankommen|ehtiä|14
kaduma|V|to get lost|теряться, исчезать|verloren gehen|kadota|14
kardin|N|curtain|гардина, занавеска|Gardine|verho|14
keegi|Pron|somebody|кто-то, кто-нибудь|jemand|joku|14
kraanikauss|N|sink, wash basin|раковина|Waschbecken, Spüle|pesuallas|14
kära|N|noise, clamor|шум|Lärm, Aufruhr|melu|14
käsklause|N|imperative sentence|повелительное предложение|Imperative|komento lause|14
käärid|käär|N|scissors|ножницы|Schere|sakset|14
käär|S
külmik|N|refrigerator|холодильник|Kühlschrank|jääkaappi|14
küünal|N|candle|свеча|Kerze|kynttilä|14
laisk|A|lazy|ленивый|faul|laiska|14
lugu|N|story|рассказ|Geschichte|juttu|14
maal|N|painting|картина, живопись|Gemälde|maalaus|14
mitmesugune|MWE|various|различный|verschiedenartig|monenlainen|14mõni|some|некоторый|manche|muutama|14
mäletama|V|to remember|помнить|erinnern|muistaa|14
nukk|N|doll|кукла|Puppe|nukke|14
nurk|N|corner|угол|Ecke|nurkka|14
ometi|Adv|yet|все-таки|bloß, doch, trotzdem|kuitenkin|14
padi|N|pillow, cushion|подушка|Kissen|tyyny|14
parajasti|Adv|at the moment|в этот момент|eben, gerade|parastaikaa|14
peegel|N|mirror|зеркало|Spiegel|peili|14
pikendusjuhe|N|extension cord|удлинитель|Verlängerungskabel|jatkojohto|14
prügi|N|trash|мусор|Müll, Abfall|jäte|14
põõsas|N|bush, shrub|куст|Strauch|pensas|14
riiul|N|shelf|полка|Regal|hylly|14
ring|N|circle|круг|Kreis|ympyrä|14
ruum|N|room, space|помещение, место|Raum, Platz|tila|14
sahtel|N|drawer|ящик стола|Schublade|laatikko|14
seep|N|soap|мыло|Seife|saippua|14
segi|Adv|messy|в беспорядке|durcheinander|sekaisin|14
sorteerima|V|to sort|сортировать|sortieren|lajitella|14
suurepärane|A|excellent, wonderful|великолепный|großartig, wunderbar|erinomainen|14
suss|N|slipper|тапок, тапочка|Pantoffel, Hausschuh|tossu|14
taburet|N|stool|табуретка|Hocker|jakkara|14
taskulamp|N|flashlight|фонарик|Taschenlampe|taskulamppu|14
tikk|N|match|спичка|Streichholz|tikku|14
tolmuimeja|N|vacuum cleaner|пылесос|Staubsauger|pölynimuri|14
triikraud|N|iron|утюг|Bügeleisen|silitysrauta|14
tugitool|N|armchair|кресло|Sessel|nojatuoli|14
tuli|N|light, fire|свет, огонь|Licht, Feuer|tuli|14
töökoda|N|workshop|мастерская|Werkstatt|työhuone|14
unustama|V|to forget|забывать|vergessen|unohtaa|14
vaip|N|rug, carpet|ковёр|Teppich|matto|14
võti|N|key|ключ|Schlüssel|avain|14
ülemine|A|upper|верхний|obere, oberer, oberes|ylempi|14
ümmargune|A|round|круглый|rund|pyöreä|14
alates|Adv|since|начиная с|seit|alkaen|15
armas|A|dear, lovely|милый|lieb, teuer|rakas|15
asemel|Adp|instead of|взамен|statt, anstelle|sijasta|15
edasi astuma|MWE|to step in, to step forward|проходить вперед|eintreten|astua eteenpäin|15
hakkliha|N|minced meat|фарш|Hackfleisch|jauheliha|15
isu|N|appetite|аппетит|Appetit|ruokahalu|15
jahu|N|flour|мука|Mehl|jauho|15
juubel|N|jubilee|юбилей|Jubiläum|juhla|15
kaste|N|dressing, sauce|соус|Sauce, Dressing|kaste|15
kasvatama|V|to grow sth|воспитывать|erziehen, züchten|kasvattaa|15
kaunis|A|beautiful, pretty|прекрасный|schön, hübsch|kaunis|15
kaunis|Adv|beautiful, pretty|прекрасный|schön, hübsch|kaunis|15
keegi|Pron|somebody|кто-то|jemand|joku|15
keel|N|tongue, language|язык|Sprache, Zunge|kieli|15
kunst|N|art|искусство|Kunst|taide|15
kutse|N|invitation|приглашение|Einladung|kutsu|15
kuum|A|hot|горячий|heiß|kuuma|15
kõrvits|N|pumpkin|тыквы|Kürbis|kurpitsa|15
külastama|V|to visit|навещать|besuchen|vierailla|15
küpsetama|V|to bake|печь|backen|leipoa|15
lisama|V|to add|добавлять|hinzufügen|lisätä|15
lootma|V|to hope|надеяться, ожидать|hoffen|luottaa, toivoa|15
lõikama|V|to cut|резать|schneiden|leikata|15
maitsema|V|to taste|нравиться|schmecken|maistaa|15
maks|N|liver|печень|Leber, Steuer|maksa|15manna|semolina|манная крупа|Grieß|mannasuurimo|15
morss|N|juice with water|морс|süße Saftschorle|mehujuoma|15
muld|N|soil, dirt|земля, почва|Boden, Erde|multa|15
mõte|N|idea, thought|мысль, смысл|Gedanke, Idee|ajatus|15
nõus olema|MWE|to agree|соглашаться|einverstanden sein|olla samaa mieltä|15
näiteks|Adv|for example|например|zum Beispiel|esimerkiksi|15
pererahvas|N|hosts|хозяева|gastgebende Familie, Familie|talonväki, isäntäväki|15
pohl|N|lingonberry|брусника|Preiselbeere|puolukka|15
pulber|N|powder|порошок|Pulver|jauhe|15
retsept|N|recipe|рецепт|Rezept|resepti|15
rosolje|N|beet root salad|винегрет|rote Beete Salat|rosolli|15
räim|N|Baltic herring|сельдь|Ostseehering|silakka|15
sarnane|A|similar|похожий, подобный|ähnlich|samanlainen|15
seeme|N|seed|семя|Same, Samen|siemen|15
segama|V|to mix, to disturb|мешать, беспокоить|vermischen, mischen, stören|sekoittaa, häiritä|15
sisse tulema|MWE|to come in|входить|hereinkommen|tulla sisälle|15
soolane|A|salty|солёный|salzig|suolainen|15
süda|N|heart|сердце|Herz|sydän|15
tangud| X|wheat grain|крупа|Schrot|suurimot, ryynit|15
tang|S
tegelikult|Adv|in fact|на самом деле|eigentlich|oikeastaan|15
teravili|N|grain|зерно|Korn, Getreide|vilja, viljakasvi|15
vahetama|V|to change|менять|wechseln, auswechseln|vaihtaa|15
vahva|A|great, cool|замечательный|fein, toll|hauska, uljas|15
valama|V|to pour|наливать|einschütten|kaataa|15
vikerkaar|N|rainbow|радуга|Regenbogen|sateenkaari|15
ühepajatoit|N|hot pot, stew|овощное рагу|Eintopf|pataruoka|15
ühesugune|A|similar|одинаковый|gleich|samanlainen|15
ära võtma|MWE|to take off|забирать|wegnehmen|ottaa pois|15
jalakäija|N|pedestrian|пешеход|Fußgänger|jalankulkija|16
jama|N|nonsense|ерунда|Blödsinn|palturi, pöty|16
kalmistu|N|cemetery|кладбище|Friedhof|hautausmaa|16
keegi|Pron|somebody|кто-тo, кто-нибудь|jemand|joku|16
keelama|V|to prohibit|запрещать|verbieten|kieltää|16
keerama|V|to turn|поворачивать|umdrehen|kiertää, vääntää|16
kohale jõudma|MWE|to arrive|прибыть|ankommen|saapua|16
kõnnitee|N|sidewalk|тротуар|Bürgersteig|kävelytie|16
liiklus|N|traffic|движение|Verkehr|liikenne|16
maha jääma|MWE|to miss, to miss a bus|отстать,  отстать от автобуса|verpassen,  Bus verpassen|myöhästyä, myöhästyä bussista|16
maha minema|MWE|to get off|сходить|aussteigen|laskeutua, jäädä pois|16
märk|N|sign|знак|Zeichen, Signal|merkki|16
otse|Adv|directly|прямо|direkt|suoraan|16
parkima|V|to park|парковаться|parken|pysäköidä|16
parkla|N|parking lot|парковка|Parkplatz|pysäköintipaikka|16
peatuma|V|to stop|останавливаться|anhalten|pysähtyä|16
pöörama|V|to turn|поворачивать|abbiegen|kääntyä|16
ristmik|N|intersection|перекрёсток|Kreuzung|risteys|16
sild|N|bridge|мост|Brücke|silta|16
tankla|N|gas station|заправочная станция|Tankstelle|huoltoasema|16
tasuline|A|paid|платный|kostenpflichtig|maksullinen|16
tasuma|V|to pay|платить|bezahlen|maksaa|16
tohtima|V|to be allowed|разрешаться, можно|dürfen|saada, uskaltaa|16
trahv|N|fine|штраф|Strafe, Strafzahlung|sakko, rangaistus|16
tudeng|N|university student|студент|Student|opiskelija|16
tähele panema|MWE|to pay attention|обращать внимание|aufpassen|huomata|16
ummik|N|traffic jam|дорожная пробка|Stau|ruuhka|16
valgusfoor|N|traffic light|светофор|Ampel|liikennevalot|16
veoauto|N|truck|грузовой автомобиль|LKW|kuorma-auto|16
välja müüma|MWE|to sell out|распродавать|ausverkaufen|myydä loppuun|16
väljak|N|square|площадь|Platz|aukio|16
väljapääs|N|exit|выход|Ausgang|uloskäynti|16
väljuma|V|to exit|выходить|herausgehen|poistua|16
ühikas|N|dormitory|общежитие|Wohnheim|asuntola|16
ülekäigurada|N|crosswalk|пешеходный переход|Zebrastreifen|ylikulkutie|16
ümber|Adv|over|вокруг|um, herum|ympäri|16
alla kirjutama|MWE|to sign|подписывать|unterschreiben|allekirjoittaa|17
andmed|X|data|данные, сведения|Daten, Angaben|tiedot|17
anne|S
arve|N|bill, check, account|счёт|Rechnung, Konto|lasku, tili|17
asju ajama|MWE|to run errands|вести дела|Geschäfte regeln|hoitaa asioita|17
föön|N|hair dryer|фен|Fön|hiustenkuivain, fööni|17
kamm|N|comb|расчёска, гребень|Kamm|kampa|17
kehtima|V|to be valid|быть действительным|gelten|päteä, olla voimassa|17
kiri|N|letter|письмо|Brief|kirje|17
klienditugi|N|customer service|служба поддержки клиентов|Kundenservice|asiakastuki|17
kohalik|A|local|местный|regional|paikallinen|17
kohalik|N|local|местный|regional|paikallinen|17
konto|N|account|счёт|Konto|tili|17
kuivatama|V|to dry|вытирать|trocknen|kuivattaa, kuivata|17
kviitung|N|receipt|квитанция|Quittung|kuitti|17
kätte saama|MWE|to receive|получать|bekommen|saada|17
leping|N|contract|договор|Vertrag|sopimus|17
limiit|N|limit|ограничение, лимит|Grenze, Höchstmaß|limiitti, raja-arvo|17
lokkis|Adv|curly|вьющийся|lockig|kiharat|17
lõikus|N|cut|стрижка|Haarschnitt|leikkaus|17
meel|N|mood|чувство, настроение|Sinn, Stimmung|mieli|17
miski|Pron|something|что-то, что-нибудь|etwas|jotain|17
moodne|A|fashionable|модный|modisch|muodikas|17
muutma|V|to change|менять, изменять|verändern|muuttua|17
mööda|Adv|along|по|entlang|myötä|17
olenema|V|to depend|зависеть|abhängen sein von|riippua|17
poole|N|towards|к|in Richtung von|päin, kohti|17
poole|Adv|towards|к|in Richtung von|päin, kohti|17
riigilõiv|N|state document fee|госпошлина|Ausstellungsgebühr|valtionvero|17
salasõna|N|password|пароль|Passwort|salasana|17
samasugune|A|similar kind|такой же|gleichartig|samanlainen|17
sirge|A|straight|прямой|gerade, aufrecht|suora|17
sisestama|V|to insert|вводить|einfügen|syöttää|17
soeng|N|hairdo|причёска, стрижка|Frisur|kampaus|17
sõltuma|V|to depend|зависеть|abhängen von|riippua|17
taotlus|N|application|ходатайство, заявка|Antrag|hakemus|17
teenindama|V|to service|обслуживать|bedienen|palvella|17
teenustasu|N|service fee|стоимость услуги|Bearbeitungsgebühr|palvelumaksu|17
tähitud|A|registered mail|заказной|Einschreiben|kirjattu|17
täitma|V|to fill out, fill in|заполнять|füllen, ausfüllen|täyttää|17
udu|N|fog|туман|Nebel|sumu|17
võimalik|A|possible|возможно|möglich|mahdollinen, mahdollista|17
välimus|N|appearance|внешность, вид|das Äußere|ulkonäkö|17
õhk|N|air|воздух|Luft|ilma|17
üle kandma|MWE|to transfer|переводить|überweisen|siirtää|17
ülekanne|N|bank transfer, transfer|банковский перевод, перевод|Überweisung|siirto|17
alla hindama|MWE|to discount|уценять|im Preis heruntersetzen|alentaa|18
eelistama|V|to prefer|предпочитать|bevorzugen|suosia|18
eksima|V|to make a mistake, to be wrong, to get lost|ошибаться, заблуждаться|irren, sich verirren|eksyä, erehtyä|18
hull|A|crazy|сумашедший|verrückt|hullu|18
hõbe|N|silver|серебро|Silber|hopea|18
jakk|N|jacket|кофта, жакет|Jacke|jakku, pusakka|18jalatsid|footwear|обувь|Schuhe|kenkä|18
jope|N|coat, windbreaker|куртка|Jacke, Anorak|takki|18
kaabu|N|man’s hat|шляпа, мужская шляпа, шляпа мужская|Hut|hattu|18
kampsun|N|sweater, cardigan|свитер|Pullover|neule, villatakki|18
kandma|V|to wear|носить|tragen|kantaa|18
kangas|N|fabric|ткань|Stoff|kangas|18
kaustik|N|notebook|толстая тетрадь|Notizblock|muistivihko, lehtiö|18
kestma|V|to last, continue|длиться|dauern|kestää|18
kilekaaned|X|plastic sleeve|пластиковая папка|Aktenhülle|muovikannet|18
kilekaas|N|||||18
king|N|shoe|ботинок|Schuh|kenkä|18
kinnas|N|glove, mitten|рукавица, варежка|Handschuh|käsine|18
kinnitama|V|to fasten|прикреплять, закреплять|befestigen, versichern|kiinnittää|18
kirjatarbed|X|stationary|канцелярские товары|Schreibwaren|kirjoitustarvikkeet|18
kirjatarve|N|||||18
kirju|A|multicolored, spotted|пёстрый|bunt|kirjava|18
klammerdaja|N|stapler|степлер|Hefter, Tacker|nitoja|18
kleeps|N|sticker|скотч, клейкая лента|Sticker|tarra|18
kleit|N|dress|платье|Kleid|mekko, leninki|18
kustukumm|N|eraser|стирательная резинка|Radiergummi|pyyhekumi|18
liim|N|glue|клей|Kleber, Klebe|liima|18
lips|N|tie|галстук|Krawatte, Schlips|solmio|18
lülitama|V|to switch|включать|schalten|kytkeä|18
märkmik|N|notebook|блокнот|Notizbuch|muistivihko|18
nupp|N|button|кнопка|Knopf|nuppi|18
nööp|N|button|пуговица|Knopf|nappi|18
paras|A|fit, suitable|подходящий, впору|passend|sopiva|18
pintsak|N|jacket, men's jacket|пиджак|Jacke|takki, pikkutakki|18
puhastama|V|to clean|чистить|säubern|puhdistaa|18
püksid|X|pants|штаны, брюки|Hose|housut|18
püks|N|||||18
ruuduline|A|checked, checkered|клетчатый, в клетку|kariert|ruudullinen|18
röster|N|toaster|тостер|Toaster|leivänpaahdin, paahdin|18
saabas|N|boot|сапог|Stiefel|saapas|18
seelik|N|skirt|юбка|Rock|hame|18
sokk|N|sock|носок|Socke|sukka|18
suhteliselt|Adv|comparatively|относительно|verhältnismäßig|suhteellisesti|18
teksad|X|jeans|джинсы|Jeans|farkut|18
teksa|N|||||18
triibuline|A|striped|полосатый, в полоску|gestreift|raidallinen|18
täpiline|A|dotted|пятнистый|gepunktet|pilkullinen|18
vajutama|V|to press|давить|drücken|painaa|18
õhuke|V|thin|тонкий|dünn|ohut|18
ülikond|N|suit, men's suit|костюм, костюм мужской, мужской костюм|Anzug|puku|18
arvatavasti|Adv|probably|возможно|wahrscheinlich|luultavasti|19
ausalt|Adv|honestly|честно|ehrlicherweise|rehellisesti|19
ettevaatus|N|caution|осторожность|Vorsicht|varovaisuus|19
gripp|N|flu|грипп|Grippe|flunssa|19
haigus|N|illness, disease|болезнь|Krankheit|sairaus|19
haigeks jääma|MWE|to get sick|заболеть|krank werden|sairastua|19
hingama|V|to breathe|дышать|atmen|hengittää|19
hirmsasti|Adv|very much|ужасно, страшно|schrecklich|kamalasti|19
hüppama|V|to jump|прыгать|hüpfen, springen|hypätä|19
isik|N|person|персона, личность|Person|henkilö|19
jooksul|Adp|during|в течение|im Laufe, während|aikana|19
jää|N|ice|лёд|Eis|jää|19
jääauk|N|hole in the ice|прорубь|Eisloch|avanto|19
kadakas|N|juniper|можжевельник|Wacholder|kataja|19
kaebama|V|to complain|жаловаться|sich beklagen|valittaa|19
kartma|V|to be afraid|бояться|fürchten|pelätä|19
kask|N|birch|берёза|Birke|koivu|19keha|body|тело|Körper|keho|19
kehvasti|Adv|badly|плохо|schlecht, erbärmlich|kehnosti|19
kops|N|lung|лёгкое|Lunge|keuhko|19
kopsupõletik|N|pneumonia|пневмония|Lungenentzündung|keuhkokuume|19
kraadima|V|to measure temperature|измерять температуру|Fieber messen|mitata kuume|19
kummel|N|chamomile|ромашка|Kamille|kamomilla|19
kurk|N|throat|горло|Hals|kurkku|19
kõht|N|stomach, belly|живот|Bauch|vatsa|19
kõrge|A|high|высокий|hoch|korkea|19
köha|N|cough|кашель|Husten|yskä|19
külg|N|side|сторона, бок|Seite|kylki, sivu|19
lutikas|N|bedbug|клоп|Wanze|lutikka|19
lõhn|N|smell|запах|Geruch|tuoksu|19
meelega|Adv|on purpose|намеренно|absichtlich|tahallaan|19
mõõtma|V|to measure|измерять, мерить|messen|mitata|19
märg|A|wet|мокрый|nass|märkä|19
niit|N|thread|нить, нитка|Zwirn, Faden|lanka|19
nohu|N|stuffy nose, runny nose|насморк|Schnupfen|nuha|19
nutikas|A|smart, wise|находчивый|schlau|älykäs, nokkela|19
paha|N|bad|плохой, неприятный|schlecht, schlimm|paha, kehno|19
paha|A|bad|плохой, неприятный|schlecht, schlimm|paha, kehno|19
palavik|N|temperature, fever|температура|Fieber|kuume|19
patsient|N|patient|пациент|Patient|potilas|19
pehme|A|soft|мягкий|weich|pehmeä|19
pisik|N|virus, bacteria|микроб|Bazillus|mikrobi|19
pits|N|shot glass|рюмка|Schnapsglas|ryyppylasi, pikari|19
plaaster|N|band aid, plaster|пластырь|Pflaster|laastari|19
plomm|N|filling, tooth filling|пломба|Plombe|paikka, hammaspaikka|19
pääsema|V|to get in, to get away|попадать|reinkommen, entkommen|päästä, pelastua|19
püsti|Adv|standing|стоя|aufrecht, stehend|pystyyn, pystyssä|19
ravim|N|medicine|лекарство|Arznei, Medizin|lääke|19
ravima|V|to treat|лечить|behandeln, heilen|lääkitä|19
retsept|N|prescription, recipe|рецепт|Rezept|resepti|19
rikkus|N|wealth, riches|богатство|Reichtum|rikkaus|19
ringi käima (pea)|MWE|to be dizzy|кружиться (голова), кружиться|schwindlig sein|huimata|19
rohi|N|medicine|лекарство|Arznei, Heilmittel|lääke|19
salv|N|ointment, salve|мазь|Salbe|voide|19
side|N|bandage|бинт, повязка|Verband, Binde|side|19
siiski|Adv|still|всё-таки|jedoch, immerhin|sittenkin, kuitenkin|19
soovitama|V|to recommend|рекомендовать|empfehlen|suositella|19
süda on paha|MWE|nausea|тошнит|übel sein|voida pahoin|19
süst|N|injection|укол|Spritze|ruiske, pistos|19
süstal|N|syringe|шприц|Spritze|ruisku, lääkeruisku|19
tablett|N|pill, tablet|таблетка|Tablette|tabletti|19
terve|N|healthy|здоровый|gesund, heil|terve, koko|19
terve|A|healthy|здоровый|gesund, heil|terve, koko|19
tundma|V|to feel, know|знать, чувствовать|kennen, fühlen|tuntea|19
tõmbama|V|to pull|тянуть|ziehen|vetää|19
vaene|A|poor|бедный|arm|köyhä|19
vaene|N|poor|бедный|arm|köyhä|19
valutama|V|to ache|болеть|schmerzen|särkeä|19
valuvaigisti|N|painkiller|болеутоляющее средство|Schmerzmittel|särkylääke|19
valvearst|N|doctor on duty|дежурный врач|Arzt im Notdienst|päivystävä lääkäri|19
vastu pidama|MWE|to bear|выдержать|durchhalten|kestää|19
vastuvõtt|N|reception|приём|Empfang|vastaanotto|19
vereproov|N|blood test|анализ крови|Blutprobe|verikoe|19
vererõhk|N|blood pressure|кровяное давление|Blutdruck|verenpaine|19
veri|N|blood|кровь|Blut|veri|19
viht|N|whisk|веник|Birkenzweig|vihta, vasta|19
viin|N|vodka|водка|Wodka|viina, votka|19
visiit|N|visit, doctor's visit|визит|Hausvisite|vierailu|19ülejäänu|the rest, the rest of|прочий, остальной|Überbleibsel, Rest|ylijäämä, tähde|19
ala|N|area|местность, территория|Gebiet, Bereich|alue|20
esiiste|N|front seat|переднее сидение|Vordersitz|etuistuin|20
esitama|V|to present|предъявлять|aufführen, einreichen|esittää|20
hirm|N|fear|страх, ужас|Angst|kauhu, pelko|20
hoiatama|V|to warn|предупреждать|warnen, mahnen|varoittaa|20
hoiatus|N|warning, notice|предупреждение|Warnung|varoitus|20
hunt|N|wolf|волк|Wolf|susi|20
ilves|N|lynx|рысь|Luchs|ilves|20
juhe|N|cord|провод|Kabel|johto|20
kaotama|V|to lose|потерять|verlieren|kadottaa, hukata, menettää|20
karv|N|fur|мех|Fell|karva|20
kiirustama|V|to hurry|спешить|sich beeilen|kiirehtiä|20
kinni jääma|MWE|to get stuck|застревать|stecken bleiben|jäädä kiinni|20
kokku põrkama|MWE|to bump into|сталкиваться|zusammenstoßen|törmätä|20
korda tegema|MWE|to repair|чинить|reparieren|järjestää|20
korrapidaja|N|steward|дежурный|Ordner|järjestyksenvalvoja|20
kukkuma|V|to fall|падать|fallen|pudota|20
käpp|N|paw|лапа|Pfote|käpälä, tassu|20
liin|N|line|линия|Linie|linja|20
lukk|N|lock, zipper|замок, молня|Schloss, Reissverschluss|lukko, vetokettju|20
läbi laskma|MWE|to leak|пропускать|lecken|päästää|20
naeratama|V|to smile|улыбаться|lächeln|hymyillä|20
päästeamet|N|rescue service|служба спасения|Rettungsdienst|pelastuspalvelu|20
päästja|N|rescuer|спасатель|Retter|pelastaja|20
radiaator|N|radiator|радиатор, батарея|Heizkörper, Heizung|lämpöpatteri|20
selgitama|V|to explain|объяснять|erklären|selittää|20
toode|N|product|изделие, продукт|Produkt, Erzeugnis|tuote|20
torm|N|storm|шторм|Sturm|myrsky|20
torm|A|storm|шторм|Sturm|myrsky|20
toru|N|pipe|труба, трубка|Rohr|putki|20
torulukksepp|N|plumber|сантехник|Klempner|putkiasentaja|20
traat|N|wire|проволока, провод|Draht|metallilanka|20
trahv|N|fine|штраф|Strafe, Geldstrafe|sakko, rangaistus|20
turvavöö|N|seat belt|ремень безопасности|Sicherheitsgurt|tuvavyö|20
tähelepanelik|N|observant, attentive|внимательный|aufmerksam|tarkkaavainen|20
uputus|N|flood|потоп, наводнение|Flut|tulva|20
vaevatasu|N|reward|компенсация|Belohnung|vaivanpalkka|20
vald|N|rural municipality|волость|Landkreis|kunta|20
varastama|V|to steal|воровать|stehlen|varastaa|20
veekogu|N|body of water|водоём|Gewässer|vesistö|20
vigastama|V|to injure|повреждать|verletzen|vahingoittaa|20
viskama|V|to throw|бросать|werfen|heittää|20
võõras|A|unknown, strange|чужой|fremd, unbekannt|vieras, tuntematon|20
võõras|N|unknown, strange|чужой|fremd, unbekannt|vieras, tuntematon|20
võitma|V|to win|побеждать|gewinnen|voittaa|20
õhtupoolik|N|afternoon|послеобеденное время|Nachmittag|iltapäivä|20
õnnetus|N|accident|несчастье, авария|Unglück, Unfall|onnettomuus|20
alluv|A|subordinate|подчинённый|Untergebener|alainen|21
alluv|N|subordinate|подчинённый|Untergebener|alainen|21
aruanne|N|report|отчёт, ведомость|Bericht, Report|selonteko|21
arutama|V|to discuss|обсуждать|besprechen, erörtern|pohtia, harkita|21
avaldus|N|application|заявление|Antrag|lausunto, hakemus|21
eesmärk|N|aim, goal, purpose|цель, назначение|Ziel|tavoite, tarkoitus|21
enamasti|Adv|mostly|в основном|meistens|enimmäkseen|21
harjuma|V|to get used to|привыкать|sich gewöhnen|tottua|21
harva|Adv|rarely|редко, изредка|selten|harvoin|21
kaasas olema|MWE|to have with|иметь с собой|dabei haben|olla mukana|21
juhataja|N|manager|заведующий|Leiter, Führungskraft|johtaja|21keskkond|environment|среда|Umwelt|ympäristö|21
juhataja|N|manager|заведующий|Leiter, Führungskraft|johtaja|21keskkond|environment|среда|Umwelt|ympäristö|21
kogemus|N|experience|опыт|Erfahrung|kokemus|21
kohustus|N|responsibility, duty|обязанность|Pflicht|velvollisuus|21
kolleeg|N|colleague|коллега|Kollege|kollega|21
kollektiiv|N|collective|коллектив|Kollektiv|kollektiivi|21
komandeering|N|business trip|командировка|Geschäftsreise|työmatka, virkamatka|21
koolitus|N|training|обучение|Schulung|koulutus|21
koosolek|N|meeting|собрание|Meeting|kokous, palaveri|21
korraldama|V|to arrange|организовывать|veranstalten, regeln|järjestää|21
meeleolu|N|spirits, mood|настроение|Stimmung|mieliala|21
nõnda|Adv|so|так, таким образом|so, also|niin, sillä tavalla|21
nõupidamine|N|meeting|совещание, совет|Tagung|neuvottelu|21
oskus|N|skill|умение, владение|Fähigkeit|taito|21
otsekohe|Adv|immediately|сразу|sofort|heti, oikopäätä|21
otsustama|V|to decide|принимать решение|entscheiden|päättää|21
paindlik|A|flexible|гибкий|biegsam, flexibel|taipuisa, joustava|21
peamiselt|Adv|mainly|преимущественно|hauptsächlich|pääosin|21
pingeline|A|tense, intensive|напряженный|angespannt, intensiv|jännittynyt, kireä|21
rahul|Adv|satisfied|доволен|zufrieden|tyytyväinen|21
suhted|N|relationships|отношения|Beziehungen|suhteet|21
suhe|N|||||21
suhtlema|V|to communicate|общаться|kommunizieren|kommunikoida|21
teenima|V|to earn|зарабатывать|verdienen|ansaita|21
tegelema|V|to deal with|заниматься|sich beschäftigen| toimia, harjoittaa|21
toimuma|V|to take place|происходить|passieren|tapahtua|21
tootmine|N|production|производство|Herstellung, Produktion|tuottaa|21
täht|N|letter, star|буква, звезда|Buchstabe, Stern|kirjain|21
tähtaeg|N|deadline|срок|Frist|määräaika|21
tööriist|N|tool, instrument|инструмент|Werkzeug, Instrument|työkalu|21
vahel|Adv|sometimes|иногда|manchmal|joskus|21
vahetus|N|shift, change|смена, обмен|Schicht, Wechsel|vaihto, vuoro|21
vaimne|A|mental|умственный, духовный|geistig, intellektuell|henkinen, hengen-|21
võimalus|N|possibility, chance|возможность, шанс|Möglichkeit|mahdollisuus|21
välissuhted|X|foreign affairs|зарубежные отношения|Außenbeziehungen|ulkomaansuhteet|21
välissuhe|N|||||21
ülemus|N|boss, chief|начальник, начальница|Vorgesetzter, Chef|esimies, päällikkö|21
üritama|V|to try|стараться, пытаться|versuchen|yrittää|21
üritus|N|event|мероприятие|Veranstaltung, Event|yritys, asia|21
ainuke|A|only, sole|единственный|einzige, einziger, einziges|ainoa|22
arg|A|shy|робкий, трусливый|schüchtern, feige|arka, pelokas|22
armuma|V|to fall in love|влюбиться|sich verlieben|rakastua|22
arvamus|N|opinion|мнение, отзыв|Ansicht, Meinung|mielipide|22
aus|A|honest|честный|ehrlich|reilu, rehellinen|22
elamus|N|experience|впечатление|Erlebnis|elämys|22
iseloom|N|personality|характер|Persönlichkeit|luonne|22
julge|A|brave|смелый, храбрый|tapfer|rohkea|22
jutukas|A|talkative, chatty|разговорчивый|gesprächig|puhelias|22
katki tegema|MWE|to break|сломать|zerbrechen|rikkoa|22
keeruline|A|complicated|сложный|schwierig|monimutkainen|22
kuld|N|gold|золото|Gold|kulta|22
kurb|A|sad|грустный|traurig|surullinen|22
kõhn|A|skinny|худой, худощавый|schmal, mager, dünn|laiha|22
lõbus|A|joyful|радостный, весёлый|lustig, fröhlich|hauska|22
lapsepõlv|N|childhood|детство|Kindheit|lapsuus|22
maastik|N|landscape|ландшафт, пейзаж|Landschaft|maasto, maisema|22
madal|A|low|низкий|niedrig|matala|22
merisiga|N|guinea pig|морская свинка|Meerschweinchen|marsu|22
mõis|N|manor|мыза, имение|Gutshof|kartano|22
mõju|N|influence|влияние|Einfluss|vaikutus|22nautima|to enjoy|наслаждаться|genießen|nauttia|22
neiu|N|young woman|девушка|junge Frau|neiti, neito|22
nõu andma|MWE|to advice|советовать|beraten|neuvoa|22
osalema|V|to participate|участвовать|teilnehmen|osallistua|22
osavõtt|N|participation|участие|Teilnahme|osanotto|22
pink|N|bench|скамейка, лавка|Bank|penkki|22
põder|N|moose|лось|Elch|hirvi|22
põhjendama|V|to reason|обосновывать|begründen|perustella|22
rumal|A|not smart|глупый|dumm, töricht|tyhmä, typerä|22
röövel|N|thief|разбойник, грабитель|Dieb, Räuber|rosvo|22
saabuma|V|to arrive|прибывать|ankommen|saapua|22
seiklus|N|adventure|приключение|Abenteuer|seikkailu|22
sõnum|N|message|сообщение, известие|Nachricht|viesti|22
tujukas|A|moody|kапризный, обидчивый|launisch|oikullinen|22
tutvustama|V|to introduce|знакомить|bekannt machen|tutustua, esitellä|22
tõsine|A|serious|серьёзный|ernst, seriös|vakava, totinen|22
töökas|A|diligent|трудолюбивый|fleißig, arbeitsam|ahkera, toimelias|22
uudishimulik|A|curious|любопытный|neugierig|utelias|22
vastu tulema|MWE|to meet (at airport, train station etc), to meet|встречать|abholen|tulla vastaan|22
vikerkaar|N|rainbow|радуга|Regenbogen|sateenkaari|22
ühendama|V|to connect|соединять|verbinden|yhdistää|22
alla võtma|MWE|to lose weight|сбрасывать вес|abnehmen|laihtua|23|23
avastama|V|to discover|обнаруживать|entdecken|keksiä, löytää|23
daam|N|lady, madam|дама|Dame|nainen|23
harjumus|N|habit|привычка|Gewohnheit|tottumus|23
juurde võtma|MWE|to put on weight|набирать вес|zunehmen|lihoa|23
jõusaal|N|fitness club, gym|тренажёрный зал|Fitnessstudio|kuntosali|23
järele tulema|MWE|to pick up|заехать (за кем-либо), заехать|abholen|tulla hakemaan|23
karastusjook|N|soft drink|прохладительный напиток|Erfrischungsgetränk|virvoitusjuoma|23
kergejõustik|N|athletics|легкая атлетика|Leichtathletik|yleisurheilu|23
kokku kukkuma|MWE|to collapse|свалиться|zusammenbrechen|lyyhistyä|23
koobas|N|cave|нора, пещера|Höhle|luola|23
kurat|N|devil|чёрт|Teufel|piru, perkele|23
lahti saama|MWE|to get rid of|избавиться|loswerden|päästä irti|23
langema|V|to fall|спускаться, падать|fallen, sinken|pudota, painua|23
loobuma|V|to give up|отказаться|aufgeben|luopua|23
lubadus|N|promise|обещание|Versprechen|lupaus|23
maha jätma|MWE|to leave|оставлять|verlassen|luopua, hylätä|23
matkama|V|to hike|путешествовать|wandern|retkeillä|23
muinasjutt|N|fairy tale|сказка|Märchen|satu|23
mõistus|N|intellect, mind|разум, ум, рассудок|Vernunft, Verstand|järki, äly|23
piisav|A|sufficient|достаточный|ausreichend, genug|riittävä|23
põrgu|N|hell|ад, преисподня|Hölle|helvetti|23
rasv|N|fat|жир|fett|rasva|23
selguma|V|to turn out|выясняться|sich klären|selvitä|23
spordiala|N|type of sport|вид спорта|Sportart|urheilulaji|23
tõstma|V|to lift|поднимать|heben|nostaa|23
vaim|N|spirit|дух|Geist|henki, sielu, haamu|23
astuma|V|to step|шагать|treten, schreiten|astua|24
fuajee|N|lobby|фойе|Eingangshalle, Foyer|aula|24
jahe|A|chilly, cool|прохладный|kühl, frisch|viileä, cool|24
jätma|V|to leave|оставлять|lassen, verlassen|jättää|24
kindlustus|N|insurance|страховка|Versicherung|vakuutus|24
kohver|N|suitcase|чемодан|Koffer|matkalaukku|24
kuivama|V|to dry|сушить|trocknen|kuivua|24
kustutama|V|to turn off (light), to turn off|тушить|(Licht) ausschalten, ausschalten|sammuttaa (valo), sammuttaa|24käterätt|hand towel|полотенце|Handtuch|käsipyyhe|24
lahe|A|great, cool|просторный|toll, cool|mukava, rento|24
lahkuma|V|to leave|уходить|verlassen, weggehen|lähteä, poistua|24
lukku keerama|MWE|to lock|запирать|abschließen|lukita|24
makse|N|payment|платеж|Bezahlung|maksu|24
ookean|N|ocean|океан|Ozean|valtameri|24
pagas|N|luggage|багаж|Gepäck|matkatavarat, matkatavara|24
piirkond|N|area|край, район|Gebiet, Gegend|alue|24
põlema|V|to burn|гореть|brennen|palaa|24
põnev|A|exciting|увлекательный|spannend|jännittävä|24
reisisaatja|N|travel guide|попутчик|Reiseführer|matkaopas|24
rest|N|towel rack|вешалка для полотенца|Handtuchablage|ritilä, jäännöspala|24
rätik|N|towel|полотенце|Handtuch|pyyhe|24
tunduma|V|to seem|казаться|scheinen|tuntua|24
tärn|N|star (hotel), star|звёздочка|Stern (Hotel), Stern|tähti|24
vajutama|V|to press|нажимать|drücken|painaa|24
elamus|N|experience|впечатление|Erlebnis|elämys|25
ennustama|V|to predict|предсказывать|vorhersagen|ennustaa|25
eriline|A|special|особенный|besonders|erityinen|25
erinema|V|to differ|отличаться|sich unterscheiden|erota, poiketa|25
etendus|N|performance|представление|Aufführung|esitys|25
habe|N|beard|борода|Bart|parta|25
hobune|N|horse|лошадь|Pferd|hevonen|25
jaaniuss|N|glowworm|светлячок|Glühwürmchen|kiiltomato|25
kallas|N|seashore|берег|Ufer|ranta, äyräs|25
kari|N|herd, cattle|скот|Herde|lauma|25
kavatsema|V|to intend|намереваться|planen, vorhaben|suunnitella, aikoa|25
kitsas|A|narrow|узкий|eng|ahdas, kapea|25
koostama|V|to compile|составлять|zusammenstellen|laatia, koostaa|25
kukkel|N|bun|булочка|Brötchen|sämpylä|25
kuuluma|V|to belong|принадлежать|gehören|kuulua|25
kuusk|N|fir, spruce|ель|Fichte|kuusi|25
laht|N|bay, gulf|залив|Bucht|lahti|25
ligi|Adv|almost|почти, близко|fast, nah|lähellä, liki|25
lipp|N|flag|флаг|Fahne|lippu|25
majutus|N|accommodation|проживание|Unterkunft|majoitus|25
metsik|A|wild|дикий|wild, wüst|kesytön, villi, raju|25
mälestus|N|memory|воспоминание|Erinnerung|muisto|25
mänd|N|pine|сосна|Kiefer|mänty|25
paat|N|boat|лодка|Boot|vene, paatti|25
paik|N|place, spot|место|Ort, Stelle, Platz|paikka, kohta|25
piir|N|boarder|граница|Grenze|raja|25
porine|A|muddy|грязный, слякотный|schmutzig, dreckig|kurainen|25
põld|N|field|поле|Feld, Acker|pelto|25
rand|N|beach|пляж|Strand|ranta|25
reisisiht|N|travel destination|место назначения|Reiseziel|määränpää|25
soo|N|swamp|болото|Sumpf|suo|25
sõnajalg|N|fern|папоротник|Farnkraut|sananjalka|25
sündmus|N|event|событие|Ereignis|tapahtuma, tapaus|25
teeviit|N|road sign|дорожный указатель|Wegweiser|tienviitta|25
tehas|N|factory, plant|завод|Werk, Betrieb|tehdas|25
telk|N|tent|палатка|Zelt|teltta|25
tuntud|A|well-known|известный|bekannt|tunnettu|25
vastlad|X|Shrove Tuesday|масленица|Fasching|laskiainen|25
vastel|N|||||25
õis|N|blossom|цветок|Blüte|kukka|25
ööbima|V|to spend a night|ночевать|gut bekannt|yöpyä|25
ärkamine|N|awakening|пробуждение|Erwachen|herääminen|25
